
################################################################################
RUNNING MAIN FUNCTION ITERATION 1
################################################################################

Checking for existing dataset splits at:
 - dataset/half/p1.parquet
 - dataset/half/p2.parquet
Dataset splits already exist. Skipping splitting.

################################################################################
🚀 START EXPERIMENT: P1-P2 (BASELINE)🚀
################################################################################


--- Starting Lightning Local Baseline (Subdir: ) ---
🚀 [PID:1066114] Starting training for M2...
Exception ignored in atexit callback: <function dump_compile_times at 0x72fc99e59240>
Traceback (most recent call last):
  File "/home/crysys/miniconda3/envs/flower-fl-traffic/lib/python3.10/site-packages/torch/_dynamo/utils.py", line 910, in dump_compile_times
    log.info(compile_times(repr="str", aggregate=True))
  File "/home/crysys/miniconda3/envs/flower-fl-traffic/lib/python3.10/site-packages/torch/_dynamo/utils.py", line 896, in compile_times
    out += tabulate(rows, headers=("Function", "Runtimes (s)"))
  File "/home/crysys/miniconda3/envs/flower-fl-traffic/lib/python3.10/site-packages/torch/_dynamo/utils.py", line 244, in tabulate
    import tabulate
  File "<frozen importlib._bootstrap>", line 1027, in _find_and_load
  File "<frozen importlib._bootstrap>", line 1002, in _find_and_load_unlocked
  File "<frozen importlib._bootstrap>", line 945, in _find_spec
  File "/home/crysys/miniconda3/envs/flower-fl-traffic/lib/python3.10/site-packages/_distutils_hack/__init__.py", line 88, in find_spec
    method_name = 'spec_for_{fullname}'.format(**locals())
  File "/home/crysys/miniconda3/envs/flower-fl-traffic/lib/python3.10/site-packages/ray/_private/worker.py", line 1723, in sigterm_handler
    sys.exit(signum)
SystemExit: 15
🚀 [PID:1066115] Starting training for M1...
✅ Baseline experiment completed. Data saved to: results/half/1_local_baseline/0.json

################################################################################
🚀 START EXPERIMENT: P11-P12 (BASELINE)🚀
################################################################################


--- Starting Lightning Local Baseline (Subdir: P1) ---
🚀 [PID:1066171] Starting training for M1...
🚀 [PID:1066170] Starting training for M2...
Exception ignored in atexit callback: <bound method finalize._exitfunc of <class 'weakref.finalize'>>
Traceback (most recent call last):
  File "/home/crysys/miniconda3/envs/flower-fl-traffic/lib/python3.10/weakref.py", line 667, in _exitfunc
Exception ignored in atexit callback: <function dump_compile_times at 0x778a59d59240>
Traceback (most recent call last):
  File "/home/crysys/miniconda3/envs/flower-fl-traffic/lib/python3.10/site-packages/torch/_dynamo/utils.py", line 910, in dump_compile_times
    f()
  File "/home/crysys/miniconda3/envs/flower-fl-traffic/lib/python3.10/weakref.py", line 591, in __call__
    return info.func(*info.args, **(info.kwargs or {}))
  File "/home/crysys/miniconda3/envs/flower-fl-traffic/lib/python3.10/site-packages/torch/library.py", line 453, in _del_library
    log.info(compile_times(repr="str", aggregate=True))
  File "/home/crysys/miniconda3/envs/flower-fl-traffic/lib/python3.10/site-packages/torch/_dynamo/utils.py", line 896, in compile_times
    def _del_library(
  File "/home/crysys/miniconda3/envs/flower-fl-traffic/lib/python3.10/site-packages/ray/_private/worker.py", line 1723, in sigterm_handler
    out += tabulate(rows, headers=("Function", "Runtimes (s)"))
  File "/home/crysys/miniconda3/envs/flower-fl-traffic/lib/python3.10/site-packages/torch/_dynamo/utils.py", line 244, in tabulate
    sys.exit(signum)
    import tabulate
SystemExit: 15
  File "<frozen importlib._bootstrap>", line 1027, in _find_and_load
  File "<frozen importlib._bootstrap>", line 1002, in _find_and_load_unlocked
  File "<frozen importlib._bootstrap>", line 945, in _find_spec
  File "<frozen importlib._bootstrap_external>", line 1439, in find_spec
  File "<frozen importlib._bootstrap_external>", line 1411, in _get_spec
  File "<frozen importlib._bootstrap_external>", line 1548, in find_spec
  File "<frozen importlib._bootstrap_external>", line 1591, in _fill_cache
  File "/home/crysys/miniconda3/envs/flower-fl-traffic/lib/python3.10/site-packages/ray/_private/worker.py", line 1723, in sigterm_handler
    sys.exit(signum)
SystemExit: 15
✅ Baseline experiment completed. Data saved to: results/half/1_local_baseline/P1/0.json

################################################################################
🚀 START EXPERIMENT: P21-P22 (BASELINE)🚀
################################################################################


--- Starting Lightning Local Baseline (Subdir: P2) ---
🚀 [PID:1066193] Starting training for M1...
🚀 [PID:1066194] Starting training for M2...
Exception ignored in atexit callback: <function dump_compile_times at 0x7259fd889240>
Traceback (most recent call last):
Exception ignored in atexit callback: <function dump_compile_times at 0x7bda33959240>
  File "/home/crysys/miniconda3/envs/flower-fl-traffic/lib/python3.10/site-packages/torch/_dynamo/utils.py", line 910, in dump_compile_times
Traceback (most recent call last):
  File "/home/crysys/miniconda3/envs/flower-fl-traffic/lib/python3.10/site-packages/torch/_dynamo/utils.py", line 910, in dump_compile_times
    log.info(compile_times(repr="str", aggregate=True))
  File "/home/crysys/miniconda3/envs/flower-fl-traffic/lib/python3.10/site-packages/torch/_dynamo/utils.py", line 896, in compile_times
    log.info(compile_times(repr="str", aggregate=True))
  File "/home/crysys/miniconda3/envs/flower-fl-traffic/lib/python3.10/site-packages/torch/_dynamo/utils.py", line 896, in compile_times
    out += tabulate(rows, headers=("Function", "Runtimes (s)"))
  File "/home/crysys/miniconda3/envs/flower-fl-traffic/lib/python3.10/site-packages/torch/_dynamo/utils.py", line 244, in tabulate
    out += tabulate(rows, headers=("Function", "Runtimes (s)"))
  File "/home/crysys/miniconda3/envs/flower-fl-traffic/lib/python3.10/site-packages/torch/_dynamo/utils.py", line 244, in tabulate
    import tabulate
  File "<frozen importlib._bootstrap>", line 1027, in _find_and_load
    import tabulate
  File "<frozen importlib._bootstrap>", line 1027, in _find_and_load
  File "<frozen importlib._bootstrap>", line 1002, in _find_and_load_unlocked
  File "<frozen importlib._bootstrap>", line 945, in _find_spec
  File "<frozen importlib._bootstrap>", line 1002, in _find_and_load_unlocked
  File "/home/crysys/miniconda3/envs/flower-fl-traffic/lib/python3.10/site-packages/_distutils_hack/__init__.py", line 88, in find_spec
  File "<frozen importlib._bootstrap>", line 924, in _find_spec
  File "/home/crysys/miniconda3/envs/flower-fl-traffic/lib/python3.10/site-packages/ray/_private/worker.py", line 1723, in sigterm_handler
    method_name = 'spec_for_{fullname}'.format(**locals())
  File "/home/crysys/miniconda3/envs/flower-fl-traffic/lib/python3.10/site-packages/ray/_private/worker.py", line 1723, in sigterm_handler
    sys.exit(signum)
SystemExit: 15
    sys.exit(signum)
SystemExit: 15
✅ Baseline experiment completed. Data saved to: results/half/1_local_baseline/P2/0.json

################################################################################
START EXPERIMENT: P1-P2 (DP)🚀
################################################################################


############################################################
🔥 Starting Parallel Runner | Mode: DP | Processes: 4
############################################################


🚀 Starting Parallel Simulation (DP) | Client1: 0.0 | Client2: 0.2
✅ Scenario Finished | C1: 0.0, C2: 0.2 | Acc: 95.57%, 95.61%

🚀 Starting Parallel Simulation (DP) | Client1: 0.0 | Client2: 0.25
✅ Scenario Finished | C1: 0.0, C2: 0.25 | Acc: 97.23%, 97.27%

🚀 Starting Parallel Simulation (DP) | Client1: 0.0 | Client2: 0.3
✅ Scenario Finished | C1: 0.0, C2: 0.3 | Acc: 96.30%, 96.39%

🚀 Starting Parallel Simulation (DP) | Client1: 0.05 | Client2: 0.0
✅ Scenario Finished | C1: 0.05, C2: 0.0 | Acc: 97.61%, 97.61%

🚀 Starting Parallel Simulation (DP) | Client1: 0.1 | Client2: 0.3
✅ Scenario Finished | C1: 0.1, C2: 0.3 | Acc: 95.75%, 95.75%

🚀 Starting Parallel Simulation (DP) | Client1: 0.15 | Client2: 0.0
✅ Scenario Finished | C1: 0.15, C2: 0.0 | Acc: 97.32%, 97.31%

🚀 Starting Parallel Simulation (DP) | Client1: 0.15 | Client2: 0.05
✅ Scenario Finished | C1: 0.15, C2: 0.05 | Acc: 97.15%, 97.15%

🚀 Starting Parallel Simulation (DP) | Client1: 0.15 | Client2: 0.1
✅ Scenario Finished | C1: 0.15, C2: 0.1 | Acc: 97.58%, 97.52%

🚀 Starting Parallel Simulation (DP) | Client1: 0.25 | Client2: 0.05
✅ Scenario Finished | C1: 0.25, C2: 0.05 | Acc: 96.86%, 96.95%

🚀 Starting Parallel Simulation (DP) | Client1: 0.25 | Client2: 0.1
✅ Scenario Finished | C1: 0.25, C2: 0.1 | Acc: 95.36%, 95.49%

🚀 Starting Parallel Simulation (DP) | Client1: 0.25 | Client2: 0.15
✅ Scenario Finished | C1: 0.25, C2: 0.15 | Acc: 96.62%, 96.71%

🚀 Starting Parallel Simulation (DP) | Client1: 0.25 | Client2: 0.2
✅ Scenario Finished | C1: 0.25, C2: 0.2 | Acc: 95.63%, 95.57%

🚀 Starting Parallel Simulation (DP) | Client1: 0.05 | Client2: 0.05
✅ Scenario Finished | C1: 0.05, C2: 0.05 | Acc: 96.10%, 96.02%

🚀 Starting Parallel Simulation (DP) | Client1: 0.05 | Client2: 0.1
✅ Scenario Finished | C1: 0.05, C2: 0.1 | Acc: 97.55%, 97.56%

🚀 Starting Parallel Simulation (DP) | Client1: 0.05 | Client2: 0.15
✅ Scenario Finished | C1: 0.05, C2: 0.15 | Acc: 95.82%, 95.73%

🚀 Starting Parallel Simulation (DP) | Client1: 0.05 | Client2: 0.2
✅ Scenario Finished | C1: 0.05, C2: 0.2 | Acc: 95.58%, 95.67%

🚀 Starting Parallel Simulation (DP) | Client1: 0.2 | Client2: 0.0
✅ Scenario Finished | C1: 0.2, C2: 0.0 | Acc: 97.28%, 97.27%

🚀 Starting Parallel Simulation (DP) | Client1: 0.2 | Client2: 0.05
✅ Scenario Finished | C1: 0.2, C2: 0.05 | Acc: 97.46%, 97.48%

🚀 Starting Parallel Simulation (DP) | Client1: 0.2 | Client2: 0.1
✅ Scenario Finished | C1: 0.2, C2: 0.1 | Acc: 97.27%, 97.29%

🚀 Starting Parallel Simulation (DP) | Client1: 0.2 | Client2: 0.15
✅ Scenario Finished | C1: 0.2, C2: 0.15 | Acc: 95.63%, 95.59%

🚀 Starting Parallel Simulation (DP) | Client1: 0.3 | Client2: 0.1
✅ Scenario Finished | C1: 0.3, C2: 0.1 | Acc: 97.16%, 97.24%

🚀 Starting Parallel Simulation (DP) | Client1: 0.3 | Client2: 0.15
✅ Scenario Finished | C1: 0.3, C2: 0.15 | Acc: 95.42%, 95.45%

🚀 Starting Parallel Simulation (DP) | Client1: 0.3 | Client2: 0.2
✅ Scenario Finished | C1: 0.3, C2: 0.2 | Acc: 96.91%, 96.94%

🚀 Starting Parallel Simulation (DP) | Client1: 0.3 | Client2: 0.25
✅ Scenario Finished | C1: 0.3, C2: 0.25 | Acc: 95.34%, 95.29%
*** SIGTERM received at time=1788779548 on cpu 3 ***
*** SIGTERM received at time=1788779548 on cpu 4 ***
*** SIGTERM received at time=1788779548 on cpu 8 ***
*** SIGTERM received at time=1788779548 on cpu 15 ***
PC: @     0x79d9c9125e7b  (unknown)  munmap
    @     0x79d9c9045330  (unknown)  (unknown)
PC: @     0x5e3852a987f9  (unknown)  PyDict_DelItem
    @     0x71b662e45330  (unknown)  (unknown)
[2026-09-07 11:12:28,208 E 1066225 1066225] logging.cc:361: *** SIGTERM received at time=1788779548 on cpu 4 ***
[2026-09-07 11:12:28,208 E 1066225 1066225] logging.cc:361: PC: @     0x5e3852a987f9  (unknown)  PyDict_DelItem
[2026-09-07 11:12:28,208 E 1066225 1066225] logging.cc:361:     @     0x71b662e45330  (unknown)  (unknown)
PC: @     0x79dfb4098e51  (unknown)  (unknown)
    @     0x79dfb4045330  1430014320  (unknown)
    @     0x79dfb40a5098         96  (unknown)
PC: @     0x629184aa013e  (unknown)  _PyEval_EvalFrameDefault
    @     0x7e45cf845330  162580304  (unknown)
    @     0x629184cd0840  (unknown)  (unknown)
[2026-09-07 11:12:28,218 E 1066226 1066226] logging.cc:361: *** SIGTERM received at time=1788779548 on cpu 15 ***
[2026-09-07 11:12:28,218 E 1066226 1066226] logging.cc:361: PC: @     0x629184aa013e  (unknown)  _PyEval_EvalFrameDefault
    @     0x625e8172832c  (unknown)  PyThread_acquire_lock_timed
    @ ... and at least 1 more frames
[2026-09-07 11:12:28,219 E 1066224 1066224] logging.cc:361: *** SIGTERM received at time=1788779548 on cpu 8 ***
[2026-09-07 11:12:28,219 E 1066224 1066224] logging.cc:361: PC: @     0x79dfb4098e51  (unknown)  (unknown)
[2026-09-07 11:12:28,219 E 1066224 1066224] logging.cc:361:     @     0x79dfb4045330  1430014320  (unknown)
[2026-09-07 11:12:28,219 E 1066224 1066224] logging.cc:361:     @     0x79dfb40a5098         96  (unknown)
[2026-09-07 11:12:28,219 E 1066224 1066224] logging.cc:361:     @     0x625e8172832c  (unknown)  PyThread_acquire_lock_timed
[2026-09-07 11:12:28,219 E 1066224 1066224] logging.cc:361:     @ ... and at least 1 more frames
    @     0x79d9b04665c7  (unknown)  at::MapAllocator::~MapAllocator()
    @ ... and at least 5 more frames
[2026-09-07 11:12:28,223 E 1066223 1066223] logging.cc:361: *** SIGTERM received at time=1788779548 on cpu 3 ***
[2026-09-07 11:12:28,223 E 1066223 1066223] logging.cc:361: PC: @     0x79d9c9125e7b  (unknown)  munmap
[2026-09-07 11:12:28,223 E 1066226 1066226] logging.cc:361:     @     0x7e45cf845330  162580304  (unknown)
[2026-09-07 11:12:28,223 E 1066223 1066223] logging.cc:361:     @     0x79d9c9045330  (unknown)  (unknown)
[2026-09-07 11:12:28,223 E 1066223 1066223] logging.cc:361:     @     0x79d9b04665c7  (unknown)  at::MapAllocator::~MapAllocator()
[2026-09-07 11:12:28,223 E 1066223 1066223] logging.cc:361:     @ ... and at least 5 more frames
[2026-09-07 11:12:28,228 E 1066226 1066226] logging.cc:361:     @     0x629184cd0840  (unknown)  (unknown)

✨ All DP scenarios for  completed.

################################################################################
START EXPERIMENT: P11-P12 (DP)🚀
################################################################################


############################################################
🔥 Starting Parallel Runner | Mode: DP | Processes: 4
############################################################

*** SIGTERM received at time=1788788013 on cpu 3 ***
*** SIGTERM received at time=1788788013 on cpu 5 ***
*** SIGTERM received at time=1788788013 on cpu 11 ***
*** SIGTERM received at time=1788788013 on cpu 7 ***
PC: @     0x70a8f0125e7b  (unknown)  munmap
    @     0x70a8f0045330  (unknown)  (unknown)
PC: @     0x7c67422a5124  (unknown)  sem_trywait
    @     0x7c6742245330  (unknown)  (unknown)
    @ ... and at least 1 more frames
[2026-09-07 13:33:33,540 E 1090822 1090822] logging.cc:361: *** SIGTERM received at time=1788788013 on cpu 3 ***
[2026-09-07 13:33:33,540 E 1090822 1090822] logging.cc:361: PC: @     0x7c67422a5124  (unknown)  sem_trywait
[2026-09-07 13:33:33,540 E 1090822 1090822] logging.cc:361:     @     0x7c6742245330  (unknown)  (unknown)
[2026-09-07 13:33:33,540 E 1090822 1090822] logging.cc:361:     @ ... and at least 1 more frames
PC: @     0x612a51128e00  (unknown)  _PyObject_LookupSpecial
    @     0x748ff3c45330  (unknown)  (unknown)
    @     0x70a8d74665c7  (unknown)  at::MapAllocator::~MapAllocator()
    @ ... and at least 5 more frames
[2026-09-07 13:33:33,549 E 1090821 1090821] logging.cc:361: *** SIGTERM received at time=1788788013 on cpu 7 ***
[2026-09-07 13:33:33,549 E 1090821 1090821] logging.cc:361: PC: @     0x70a8f0125e7b  (unknown)  munmap
[2026-09-07 13:33:33,549 E 1090821 1090821] logging.cc:361:     @     0x70a8f0045330  (unknown)  (unknown)
[2026-09-07 13:33:33,549 E 1090821 1090821] logging.cc:361:     @     0x70a8d74665c7  (unknown)  at::MapAllocator::~MapAllocator()
[2026-09-07 13:33:33,549 E 1090821 1090821] logging.cc:361:     @ ... and at least 5 more frames
PC: @     0x560efd8b303d  (unknown)  method_vectorcall_FASTCALL_KEYWORDS
    @     0x73d473245330  (unknown)  (unknown)
    @ ... and at least 4 more frames
[2026-09-07 13:33:33,549 E 1090824 1090824] logging.cc:361: *** SIGTERM received at time=1788788013 on cpu 11 ***
[2026-09-07 13:33:33,549 E 1090824 1090824] logging.cc:361: PC: @     0x560efd8b303d  (unknown)  method_vectorcall_FASTCALL_KEYWORDS
[2026-09-07 13:33:33,549 E 1090824 1090824] logging.cc:361:     @     0x73d473245330  (unknown)  (unknown)
[2026-09-07 13:33:33,549 E 1090824 1090824] logging.cc:361:     @ ... and at least 4 more frames
    @     0x612a51351840  (unknown)  (unknown)
[2026-09-07 13:33:33,550 E 1090823 1090823] logging.cc:361: *** SIGTERM received at time=1788788013 on cpu 5 ***
[2026-09-07 13:33:33,550 E 1090823 1090823] logging.cc:361: PC: @     0x612a51128e00  (unknown)  _PyObject_LookupSpecial
[2026-09-07 13:33:33,556 E 1090823 1090823] logging.cc:361:     @     0x748ff3c45330  (unknown)  (unknown)
[2026-09-07 13:33:33,560 E 1090823 1090823] logging.cc:361:     @     0x612a51351840  (unknown)  (unknown)

✨ All DP scenarios for P1 completed.

################################################################################
START EXPERIMENT: P21-P22 (DP)🚀
################################################################################


############################################################
🔥 Starting Parallel Runner | Mode: DP | Processes: 4
############################################################

*** SIGTERM received at time=1788796526 on cpu 10 ***
*** SIGTERM received at time=1788796526 on cpu 9 ***
*** SIGTERM received at time=1788796526 on cpu 7 ***
*** SIGTERM received at time=1788796526 on cpu 11 ***
PC: @     0x725706925e7b  (unknown)  munmap
    @     0x725706845330  1109946864  (unknown)
PC: @     0x788da92a00d0  (unknown)  __pthread_mutex_lock
    @     0x788da9245330  (unknown)  (unknown)
PC: @     0x57a886402c9e  (unknown)  _PyEval_EvalFrameDefault
    @     0x74e53fe45330  (unknown)  (unknown)
PC: @     0x5da0d93d414d  (unknown)  lookdict_unicode_nodummy
    @     0x7f4afd645330  (unknown)  (unknown)
    @        0x100000000  (unknown)  (unknown)
[2026-09-07 15:55:26,282 E 1111976 1111976] logging.cc:361: *** SIGTERM received at time=1788796526 on cpu 11 ***
[2026-09-07 15:55:26,282 E 1111976 1111976] logging.cc:361: PC: @     0x788da92a00d0  (unknown)  __pthread_mutex_lock
    @     0x57a886636840  (unknown)  (unknown)
[2026-09-07 15:55:26,283 E 1111974 1111974] logging.cc:361: *** SIGTERM received at time=1788796526 on cpu 7 ***
[2026-09-07 15:55:26,283 E 1111974 1111974] logging.cc:361: PC: @     0x57a886402c9e  (unknown)  _PyEval_EvalFrameDefault
    @     0x7f4afd4b1570  (unknown)  (unknown)
[2026-09-07 15:55:26,283 E 1111975 1111975] logging.cc:361: *** SIGTERM received at time=1788796526 on cpu 9 ***
[2026-09-07 15:55:26,283 E 1111975 1111975] logging.cc:361: PC: @     0x5da0d93d414d  (unknown)  lookdict_unicode_nodummy
    @     0x7256edc665c7  (unknown)  at::MapAllocator::~MapAllocator()
    @ ... and at least 5 more frames
[2026-09-07 15:55:26,285 E 1111977 1111977] logging.cc:361: *** SIGTERM received at time=1788796526 on cpu 10 ***
[2026-09-07 15:55:26,285 E 1111977 1111977] logging.cc:361: PC: @     0x725706925e7b  (unknown)  munmap
[2026-09-07 15:55:26,285 E 1111977 1111977] logging.cc:361:     @     0x725706845330  1109946864  (unknown)
[2026-09-07 15:55:26,285 E 1111977 1111977] logging.cc:361:     @     0x7256edc665c7  (unknown)  at::MapAllocator::~MapAllocator()
[2026-09-07 15:55:26,285 E 1111977 1111977] logging.cc:361:     @ ... and at least 5 more frames
[2026-09-07 15:55:26,286 E 1111976 1111976] logging.cc:361:     @     0x788da9245330  (unknown)  (unknown)
[2026-09-07 15:55:26,286 E 1111975 1111975] logging.cc:361:     @     0x7f4afd645330  (unknown)  (unknown)
[2026-09-07 15:55:26,286 E 1111974 1111974] logging.cc:361:     @     0x74e53fe45330  (unknown)  (unknown)
[2026-09-07 15:55:26,289 E 1111976 1111976] logging.cc:361:     @        0x100000000  (unknown)  (unknown)
[2026-09-07 15:55:26,290 E 1111974 1111974] logging.cc:361:     @     0x57a886636840  (unknown)  (unknown)
[2026-09-07 15:55:26,307 E 1111975 1111975] logging.cc:361:     @     0x7f4afd4b1570  (unknown)  (unknown)

✨ All DP scenarios for P2 completed.

################################################################################
RUNNING MAIN FUNCTION ITERATION 2
################################################################################

Checking for existing dataset splits at:
 - dataset/half/p1.parquet
 - dataset/half/p2.parquet
Dataset splits already exist. Skipping splitting.

################################################################################
🚀 START EXPERIMENT: P1-P2 (BASELINE)🚀
################################################################################


--- Starting Lightning Local Baseline (Subdir: ) ---
🚀 [PID:1133086] Starting training for M1...
Exception ignored in atexit callback: <function _log_traced_frames at 0x7dcc5d70fb50>
Traceback (most recent call last):
  File "/home/crysys/miniconda3/envs/flower-fl-traffic/lib/python3.10/site-packages/torch/_dynamo/eval_frame.py", line 698, in _log_traced_frames
🚀 [PID:1133087] Starting training for M2...
    msg = "\n".join(dynamo_tls.traced_frame_infos)
  File "/home/crysys/miniconda3/envs/flower-fl-traffic/lib/python3.10/site-packages/ray/_private/worker.py", line 1723, in sigterm_handler
    sys.exit(signum)
SystemExit: 15
✅ Baseline experiment completed. Data saved to: results/half/1_local_baseline/1.json

################################################################################
🚀 START EXPERIMENT: P11-P12 (BASELINE)🚀
################################################################################


--- Starting Lightning Local Baseline (Subdir: P1) ---
🚀 [PID:1133112] Starting training for M1...
🚀 [PID:1133111] Starting training for M2...
Exception ignored in atexit callback: <bound method finalize._exitfunc of <class 'weakref.finalize'>>
Traceback (most recent call last):
  File "/home/crysys/miniconda3/envs/flower-fl-traffic/lib/python3.10/weakref.py", line 667, in _exitfunc
Exception ignored in atexit callback: <function dump_compile_times at 0x736088701240>
Traceback (most recent call last):
  File "/home/crysys/miniconda3/envs/flower-fl-traffic/lib/python3.10/site-packages/torch/_dynamo/utils.py", line 910, in dump_compile_times
    f()
  File "/home/crysys/miniconda3/envs/flower-fl-traffic/lib/python3.10/weakref.py", line 591, in __call__
    return info.func(*info.args, **(info.kwargs or {}))
  File "/home/crysys/miniconda3/envs/flower-fl-traffic/lib/python3.10/site-packages/torch/library.py", line 479, in _del_library
    m.reset()
  File "/home/crysys/miniconda3/envs/flower-fl-traffic/lib/python3.10/site-packages/ray/_private/worker.py", line 1723, in sigterm_handler
    log.info(compile_times(repr="str", aggregate=True))
  File "/home/crysys/miniconda3/envs/flower-fl-traffic/lib/python3.10/site-packages/torch/_dynamo/utils.py", line 896, in compile_times
    sys.exit(signum)
SystemExit: 15
    out += tabulate(rows, headers=("Function", "Runtimes (s)"))
  File "/home/crysys/miniconda3/envs/flower-fl-traffic/lib/python3.10/site-packages/torch/_dynamo/utils.py", line 244, in tabulate
    import tabulate
  File "<frozen importlib._bootstrap>", line 1027, in _find_and_load
  File "<frozen importlib._bootstrap>", line 1002, in _find_and_load_unlocked
  File "<frozen importlib._bootstrap>", line 945, in _find_spec
  File "<frozen importlib._bootstrap_external>", line 1439, in find_spec
  File "<frozen importlib._bootstrap_external>", line 1411, in _get_spec
  File "<frozen importlib._bootstrap_external>", line 1548, in find_spec
  File "<frozen importlib._bootstrap_external>", line 1591, in _fill_cache
  File "/home/crysys/miniconda3/envs/flower-fl-traffic/lib/python3.10/site-packages/ray/_private/worker.py", line 1723, in sigterm_handler
    sys.exit(signum)
SystemExit: 15
✅ Baseline experiment completed. Data saved to: results/half/1_local_baseline/P1/1.json

################################################################################
🚀 START EXPERIMENT: P21-P22 (BASELINE)🚀
################################################################################


--- Starting Lightning Local Baseline (Subdir: P2) ---
🚀 [PID:1133138] Starting training for M1...
🚀 [PID:1133137] Starting training for M2...
Exception ignored in atexit callback: <bound method finalize._exitfunc of <class 'weakref.finalize'>>
Traceback (most recent call last):
  File "/home/crysys/miniconda3/envs/flower-fl-traffic/lib/python3.10/weakref.py", line 657, in _exitfunc
Exception ignored in atexit callback: <function dump_compile_times at 0x7a992fd65240>
Traceback (most recent call last):
  File "/home/crysys/miniconda3/envs/flower-fl-traffic/lib/python3.10/site-packages/torch/_dynamo/utils.py", line 910, in dump_compile_times
    pending = cls._select_for_exit()
  File "/home/crysys/miniconda3/envs/flower-fl-traffic/lib/python3.10/weakref.py", line 638, in _select_for_exit
    L = [(f,i) for (f,i) in cls._registry.items() if i.atexit]
  File "/home/crysys/miniconda3/envs/flower-fl-traffic/lib/python3.10/weakref.py", line 638, in <listcomp>
    L = [(f,i) for (f,i) in cls._registry.items() if i.atexit]
  File "/home/crysys/miniconda3/envs/flower-fl-traffic/lib/python3.10/site-packages/ray/_private/worker.py", line 1723, in sigterm_handler
    log.info(compile_times(repr="str", aggregate=True))
  File "/home/crysys/miniconda3/envs/flower-fl-traffic/lib/python3.10/site-packages/torch/_dynamo/utils.py", line 896, in compile_times
    sys.exit(signum)
SystemExit: 15
    out += tabulate(rows, headers=("Function", "Runtimes (s)"))
  File "/home/crysys/miniconda3/envs/flower-fl-traffic/lib/python3.10/site-packages/torch/_dynamo/utils.py", line 244, in tabulate
    import tabulate
  File "/home/crysys/miniconda3/envs/flower-fl-traffic/lib/python3.10/site-packages/ray/_private/worker.py", line 1723, in sigterm_handler
    sys.exit(signum)
SystemExit: 15
✅ Baseline experiment completed. Data saved to: results/half/1_local_baseline/P2/1.json

################################################################################
START EXPERIMENT: P1-P2 (DP)🚀
################################################################################


############################################################
🔥 Starting Parallel Runner | Mode: DP | Processes: 4
############################################################


🚀 Starting Parallel Simulation (DP) | Client1: 0.0 | Client2: 0.2
✅ Scenario Finished | C1: 0.0, C2: 0.2 | Acc: 96.85%, 96.89%

🚀 Starting Parallel Simulation (DP) | Client1: 0.0 | Client2: 0.25
✅ Scenario Finished | C1: 0.0, C2: 0.25 | Acc: 96.77%, 96.77%

🚀 Starting Parallel Simulation (DP) | Client1: 0.0 | Client2: 0.3
✅ Scenario Finished | C1: 0.0, C2: 0.3 | Acc: 97.61%, 97.67%

🚀 Starting Parallel Simulation (DP) | Client1: 0.05 | Client2: 0.0
✅ Scenario Finished | C1: 0.05, C2: 0.0 | Acc: 97.46%, 97.43%

🚀 Starting Parallel Simulation (DP) | Client1: 0.1 | Client2: 0.3
✅ Scenario Finished | C1: 0.1, C2: 0.3 | Acc: 97.45%, 97.41%

🚀 Starting Parallel Simulation (DP) | Client1: 0.15 | Client2: 0.0
✅ Scenario Finished | C1: 0.15, C2: 0.0 | Acc: 97.56%, 97.55%

🚀 Starting Parallel Simulation (DP) | Client1: 0.15 | Client2: 0.05
✅ Scenario Finished | C1: 0.15, C2: 0.05 | Acc: 97.09%, 97.09%

🚀 Starting Parallel Simulation (DP) | Client1: 0.15 | Client2: 0.1
✅ Scenario Finished | C1: 0.15, C2: 0.1 | Acc: 97.16%, 97.22%

🚀 Starting Parallel Simulation (DP) | Client1: 0.25 | Client2: 0.05
✅ Scenario Finished | C1: 0.25, C2: 0.05 | Acc: 97.09%, 97.05%

🚀 Starting Parallel Simulation (DP) | Client1: 0.25 | Client2: 0.1
✅ Scenario Finished | C1: 0.25, C2: 0.1 | Acc: 97.20%, 97.19%

🚀 Starting Parallel Simulation (DP) | Client1: 0.25 | Client2: 0.15
✅ Scenario Finished | C1: 0.25, C2: 0.15 | Acc: 95.30%, 95.33%

🚀 Starting Parallel Simulation (DP) | Client1: 0.25 | Client2: 0.2
✅ Scenario Finished | C1: 0.25, C2: 0.2 | Acc: 96.44%, 96.53%

🚀 Starting Parallel Simulation (DP) | Client1: 0.05 | Client2: 0.25
✅ Scenario Finished | C1: 0.05, C2: 0.25 | Acc: 95.85%, 95.82%

🚀 Starting Parallel Simulation (DP) | Client1: 0.05 | Client2: 0.3
✅ Scenario Finished | C1: 0.05, C2: 0.3 | Acc: 96.32%, 96.26%

🚀 Starting Parallel Simulation (DP) | Client1: 0.1 | Client2: 0.0
✅ Scenario Finished | C1: 0.1, C2: 0.0 | Acc: 95.47%, 95.43%

🚀 Starting Parallel Simulation (DP) | Client1: 0.1 | Client2: 0.05
✅ Scenario Finished | C1: 0.1, C2: 0.05 | Acc: 95.09%, 95.20%

🚀 Starting Parallel Simulation (DP) | Client1: 0.15 | Client2: 0.15
✅ Scenario Finished | C1: 0.15, C2: 0.15 | Acc: 95.98%, 95.93%

🚀 Starting Parallel Simulation (DP) | Client1: 0.15 | Client2: 0.2
✅ Scenario Finished | C1: 0.15, C2: 0.2 | Acc: 96.52%, 96.59%

🚀 Starting Parallel Simulation (DP) | Client1: 0.15 | Client2: 0.25
✅ Scenario Finished | C1: 0.15, C2: 0.25 | Acc: 96.82%, 96.86%

🚀 Starting Parallel Simulation (DP) | Client1: 0.15 | Client2: 0.3
✅ Scenario Finished | C1: 0.15, C2: 0.3 | Acc: 95.43%, 95.31%

🚀 Starting Parallel Simulation (DP) | Client1: 0.25 | Client2: 0.25
✅ Scenario Finished | C1: 0.25, C2: 0.25 | Acc: 96.03%, 96.12%

🚀 Starting Parallel Simulation (DP) | Client1: 0.25 | Client2: 0.3
✅ Scenario Finished | C1: 0.25, C2: 0.3 | Acc: 96.71%, 96.72%

🚀 Starting Parallel Simulation (DP) | Client1: 0.3 | Client2: 0.0
✅ Scenario Finished | C1: 0.3, C2: 0.0 | Acc: 97.17%, 97.08%

🚀 Starting Parallel Simulation (DP) | Client1: 0.3 | Client2: 0.05
✅ Scenario Finished | C1: 0.3, C2: 0.05 | Acc: 95.79%, 95.67%
*** SIGTERM received at time=1788814384 on cpu 6 ***
*** SIGTERM received at time=1788814384 on cpu 8 ***
*** SIGTERM received at time=1788814384 on cpu 15 ***
*** SIGTERM received at time=1788814384 on cpu 14 ***
PC: @     0x770af6b25e7b  (unknown)  munmap
    @     0x770af6a45330  (unknown)  (unknown)
PC: @     0x63775c25e977  (unknown)  PyLong_FromLong
    @     0x768dd0845330  1280788656  (unknown)
PC: @     0x7afbcf298e51  (unknown)  (unknown)
    @     0x7afbcf245330  2147050144  (unknown)
    @     0x7afbcf2a5098         96  (unknown)
PC: @     0x5c29abf4906a  (unknown)  dict_dealloc
    @     0x75eaf0245330  (unknown)  (unknown)
    @ ... and at least 3 more frames
[2026-09-07 20:53:04,958 E 1133166 1133166] logging.cc:361: *** SIGTERM received at time=1788814384 on cpu 8 ***
[2026-09-07 20:53:04,958 E 1133166 1133166] logging.cc:361: PC: @     0x5c29abf4906a  (unknown)  dict_dealloc
[2026-09-07 20:53:04,958 E 1133166 1133166] logging.cc:361:     @     0x75eaf0245330  (unknown)  (unknown)
[2026-09-07 20:53:04,958 E 1133166 1133166] logging.cc:361:     @ ... and at least 3 more frames
    @     0x5eee291a032c  (unknown)  PyThread_acquire_lock_timed
    @ ... and at least 1 more frames
[2026-09-07 20:53:04,959 E 1133168 1133168] logging.cc:361: *** SIGTERM received at time=1788814384 on cpu 15 ***
[2026-09-07 20:53:04,960 E 1133168 1133168] logging.cc:361: PC: @     0x7afbcf298e51  (unknown)  (unknown)
[2026-09-07 20:53:04,960 E 1133168 1133168] logging.cc:361:     @     0x7afbcf245330  2147050144  (unknown)
[2026-09-07 20:53:04,960 E 1133168 1133168] logging.cc:361:     @     0x7afbcf2a5098         96  (unknown)
[2026-09-07 20:53:04,960 E 1133168 1133168] logging.cc:361:     @     0x5eee291a032c  (unknown)  PyThread_acquire_lock_timed
[2026-09-07 20:53:04,960 E 1133168 1133168] logging.cc:361:     @ ... and at least 1 more frames
    @     0x63775c4a19a0  (unknown)  (unknown)
[2026-09-07 20:53:04,962 E 1133167 1133167] logging.cc:361: *** SIGTERM received at time=1788814384 on cpu 6 ***
[2026-09-07 20:53:04,962 E 1133167 1133167] logging.cc:361: PC: @     0x63775c25e977  (unknown)  PyLong_FromLong
[2026-09-07 20:53:04,966 E 1133167 1133167] logging.cc:361:     @     0x768dd0845330  1280788656  (unknown)
[2026-09-07 20:53:04,969 E 1133167 1133167] logging.cc:361:     @     0x63775c4a19a0  (unknown)  (unknown)
    @     0x770adde665c7  (unknown)  at::MapAllocator::~MapAllocator()
    @ ... and at least 5 more frames
[2026-09-07 20:53:04,971 E 1133169 1133169] logging.cc:361: *** SIGTERM received at time=1788814384 on cpu 14 ***
[2026-09-07 20:53:04,971 E 1133169 1133169] logging.cc:361: PC: @     0x770af6b25e7b  (unknown)  munmap
[2026-09-07 20:53:04,971 E 1133169 1133169] logging.cc:361:     @     0x770af6a45330  (unknown)  (unknown)
[2026-09-07 20:53:04,971 E 1133169 1133169] logging.cc:361:     @     0x770adde665c7  (unknown)  at::MapAllocator::~MapAllocator()
[2026-09-07 20:53:04,971 E 1133169 1133169] logging.cc:361:     @ ... and at least 5 more frames

✨ All DP scenarios for  completed.

################################################################################
START EXPERIMENT: P11-P12 (DP)🚀
################################################################################


############################################################
🔥 Starting Parallel Runner | Mode: DP | Processes: 4
############################################################


🚀 Starting Parallel Simulation (DP) | Client1: 0.05 | Client2: 0.05
✅ Scenario Finished | C1: 0.05, C2: 0.05 | Acc: 96.95%, 96.73%

🚀 Starting Parallel Simulation (DP) | Client1: 0.05 | Client2: 0.1
✅ Scenario Finished | C1: 0.05, C2: 0.1 | Acc: 96.47%, 96.34%

🚀 Starting Parallel Simulation (DP) | Client1: 0.05 | Client2: 0.15
✅ Scenario Finished | C1: 0.05, C2: 0.15 | Acc: 96.60%, 96.52%

🚀 Starting Parallel Simulation (DP) | Client1: 0.05 | Client2: 0.2
✅ Scenario Finished | C1: 0.05, C2: 0.2 | Acc: 95.36%, 95.19%

🚀 Starting Parallel Simulation (DP) | Client1: 0.2 | Client2: 0.0
✅ Scenario Finished | C1: 0.2, C2: 0.0 | Acc: 96.70%, 96.89%

🚀 Starting Parallel Simulation (DP) | Client1: 0.2 | Client2: 0.05
✅ Scenario Finished | C1: 0.2, C2: 0.05 | Acc: 95.63%, 95.76%

🚀 Starting Parallel Simulation (DP) | Client1: 0.2 | Client2: 0.1
✅ Scenario Finished | C1: 0.2, C2: 0.1 | Acc: 96.69%, 96.54%

🚀 Starting Parallel Simulation (DP) | Client1: 0.2 | Client2: 0.15
✅ Scenario Finished | C1: 0.2, C2: 0.15 | Acc: 94.66%, 94.63%

🚀 Starting Parallel Simulation (DP) | Client1: 0.25 | Client2: 0.25
✅ Scenario Finished | C1: 0.25, C2: 0.25 | Acc: 94.70%, 94.60%

🚀 Starting Parallel Simulation (DP) | Client1: 0.25 | Client2: 0.3
✅ Scenario Finished | C1: 0.25, C2: 0.3 | Acc: 94.59%, 94.45%

🚀 Starting Parallel Simulation (DP) | Client1: 0.3 | Client2: 0.0
✅ Scenario Finished | C1: 0.3, C2: 0.0 | Acc: 94.68%, 94.70%

🚀 Starting Parallel Simulation (DP) | Client1: 0.3 | Client2: 0.05
✅ Scenario Finished | C1: 0.3, C2: 0.05 | Acc: 94.78%, 94.84%

🚀 Starting Parallel Simulation (DP) | Client1: 0.0 | Client2: 0.2
✅ Scenario Finished | C1: 0.0, C2: 0.2 | Acc: 96.47%, 96.63%

🚀 Starting Parallel Simulation (DP) | Client1: 0.0 | Client2: 0.25
✅ Scenario Finished | C1: 0.0, C2: 0.25 | Acc: 95.80%, 95.54%

🚀 Starting Parallel Simulation (DP) | Client1: 0.0 | Client2: 0.3
✅ Scenario Finished | C1: 0.0, C2: 0.3 | Acc: 95.77%, 95.69%

🚀 Starting Parallel Simulation (DP) | Client1: 0.05 | Client2: 0.0
✅ Scenario Finished | C1: 0.05, C2: 0.0 | Acc: 97.03%, 96.87%

🚀 Starting Parallel Simulation (DP) | Client1: 0.1 | Client2: 0.3
✅ Scenario Finished | C1: 0.1, C2: 0.3 | Acc: 94.89%, 95.09%

🚀 Starting Parallel Simulation (DP) | Client1: 0.15 | Client2: 0.0
✅ Scenario Finished | C1: 0.15, C2: 0.0 | Acc: 95.08%, 95.09%

🚀 Starting Parallel Simulation (DP) | Client1: 0.15 | Client2: 0.05
✅ Scenario Finished | C1: 0.15, C2: 0.05 | Acc: 95.57%, 95.53%

🚀 Starting Parallel Simulation (DP) | Client1: 0.15 | Client2: 0.1
✅ Scenario Finished | C1: 0.15, C2: 0.1 | Acc: 95.18%, 95.28%

🚀 Starting Parallel Simulation (DP) | Client1: 0.25 | Client2: 0.05
✅ Scenario Finished | C1: 0.25, C2: 0.05 | Acc: 95.93%, 96.10%

🚀 Starting Parallel Simulation (DP) | Client1: 0.25 | Client2: 0.1
✅ Scenario Finished | C1: 0.25, C2: 0.1 | Acc: 94.92%, 94.82%

🚀 Starting Parallel Simulation (DP) | Client1: 0.25 | Client2: 0.15
✅ Scenario Finished | C1: 0.25, C2: 0.15 | Acc: 96.56%, 96.50%

🚀 Starting Parallel Simulation (DP) | Client1: 0.25 | Client2: 0.2
✅ Scenario Finished | C1: 0.25, C2: 0.2 | Acc: 94.59%, 94.70%
*** SIGTERM received at time=1788822909 on cpu 9 ***
*** SIGTERM received at time=1788822909 on cpu 13 ***
*** SIGTERM received at time=1788822909 on cpu 4 ***
*** SIGTERM received at time=1788822909 on cpu 11 ***
PC: @     0x7720ea525e7b  (unknown)  munmap
    @     0x7720ea445330  1315550432  (unknown)
PC: @     0x770ecb498e51  (unknown)  (unknown)
    @     0x770ecb445330  (unknown)  (unknown)
    @     0x770ecb4a5098         96  (unknown)
PC: @     0x5bade9e9f170  (unknown)  lookdict_unicode_nodummy
    @     0x7d786aa45330  (unknown)  (unknown)
    @     0x60acee87832c  (unknown)  PyThread_acquire_lock_timed
    @ ... and at least 1 more frames
PC: @     0x5de24c3fe5e3  (unknown)  _PyObject_GetMethod
[2026-09-07 23:15:09,725 E 1157700 1157700] logging.cc:361: *** SIGTERM received at time=1788822909 on cpu 4 ***
    @     0x73235ac45330  1361354416  (unknown)
[2026-09-07 23:15:09,725 E 1157700 1157700] logging.cc:361: PC: @     0x770ecb498e51  (unknown)  (unknown)
[2026-09-07 23:15:09,725 E 1157700 1157700] logging.cc:361:     @     0x770ecb445330  (unknown)  (unknown)
[2026-09-07 23:15:09,725 E 1157700 1157700] logging.cc:361:     @     0x770ecb4a5098         96  (unknown)
[2026-09-07 23:15:09,725 E 1157700 1157700] logging.cc:361:     @     0x60acee87832c  (unknown)  PyThread_acquire_lock_timed
[2026-09-07 23:15:09,725 E 1157700 1157700] logging.cc:361:     @ ... and at least 1 more frames
    @     0x5de24c62a240  (unknown)  (unknown)
    @     0x7d786a936570  (unknown)  (unknown)
[2026-09-07 23:15:09,729 E 1157699 1157699] logging.cc:361: *** SIGTERM received at time=1788822909 on cpu 13 ***
[2026-09-07 23:15:09,729 E 1157701 1157701] logging.cc:361: *** SIGTERM received at time=1788822909 on cpu 9 ***
[2026-09-07 23:15:09,729 E 1157699 1157699] logging.cc:361: PC: @     0x5de24c3fe5e3  (unknown)  _PyObject_GetMethod
[2026-09-07 23:15:09,729 E 1157701 1157701] logging.cc:361: PC: @     0x5bade9e9f170  (unknown)  lookdict_unicode_nodummy
    @     0x7720d18665c7  (unknown)  at::MapAllocator::~MapAllocator()
    @ ... and at least 5 more frames
[2026-09-07 23:15:09,731 E 1157698 1157698] logging.cc:361: *** SIGTERM received at time=1788822909 on cpu 11 ***
[2026-09-07 23:15:09,731 E 1157698 1157698] logging.cc:361: PC: @     0x7720ea525e7b  (unknown)  munmap
[2026-09-07 23:15:09,731 E 1157698 1157698] logging.cc:361:     @     0x7720ea445330  1315550432  (unknown)
[2026-09-07 23:15:09,731 E 1157698 1157698] logging.cc:361:     @     0x7720d18665c7  (unknown)  at::MapAllocator::~MapAllocator()
[2026-09-07 23:15:09,731 E 1157698 1157698] logging.cc:361:     @ ... and at least 5 more frames
[2026-09-07 23:15:09,733 E 1157701 1157701] logging.cc:361:     @     0x7d786aa45330  (unknown)  (unknown)
[2026-09-07 23:15:09,734 E 1157699 1157699] logging.cc:361:     @     0x73235ac45330  1361354416  (unknown)
[2026-09-07 23:15:09,737 E 1157701 1157701] logging.cc:361:     @     0x7d786a936570  (unknown)  (unknown)
[2026-09-07 23:15:09,738 E 1157699 1157699] logging.cc:361:     @     0x5de24c62a240  (unknown)  (unknown)

✨ All DP scenarios for P1 completed.

################################################################################
START EXPERIMENT: P21-P22 (DP)🚀
################################################################################


############################################################
🔥 Starting Parallel Runner | Mode: DP | Processes: 4
############################################################

*** SIGTERM received at time=1788831465 on cpu 0 ***
*** SIGTERM received at time=1788831465 on cpu 11 ***
*** SIGTERM received at time=1788831465 on cpu 7 ***
*** SIGTERM received at time=1788831465 on cpu 5 ***
PC: @     0x77396889b176  (unknown)  pthread_cond_signal
    @     0x773968845330  373382272  (unknown)
    @     0x5e855995a2d7  (unknown)  PyEval_SaveThread
    @        0x20011fcc8  (unknown)  (unknown)
[2026-09-08 01:37:45,906 E 1178824 1178824] logging.cc:361: *** SIGTERM received at time=1788831465 on cpu 7 ***
[2026-09-08 01:37:45,906 E 1178824 1178824] logging.cc:361: PC: @     0x77396889b176  (unknown)  pthread_cond_signal
PC: @     0x63f4765544a7  (unknown)  _PyTime_Divide
[2026-09-08 01:37:45,909 E 1178824 1178824] logging.cc:361:     @     0x773968845330  373382272  (unknown)
    @     0x748eb2e45330  (unknown)  (unknown)
    @ ... and at least 1 more frames
[2026-09-08 01:37:45,909 E 1178824 1178824] logging.cc:361:     @     0x5e855995a2d7  (unknown)  PyEval_SaveThread
[2026-09-08 01:37:45,909 E 1178821 1178821] logging.cc:361: *** SIGTERM received at time=1788831465 on cpu 0 ***
[2026-09-08 01:37:45,909 E 1178821 1178821] logging.cc:361: PC: @     0x63f4765544a7  (unknown)  _PyTime_Divide
[2026-09-08 01:37:45,909 E 1178821 1178821] logging.cc:361:     @     0x748eb2e45330  (unknown)  (unknown)
[2026-09-08 01:37:45,909 E 1178821 1178821] logging.cc:361:     @ ... and at least 1 more frames
PC: @     0x79a1c9a99098  (unknown)  __lll_lock_wake_private
    @     0x79a1c9a45330  (unknown)  (unknown)
    @     0x5a8726f699d8  (unknown)  PyObject_Malloc
PC: @     0x5768b56d2f98  (unknown)  _PyObject_LookupSpecial
    @     0x7ad290c45330   10366832  (unknown)
[2026-09-08 01:37:45,913 E 1178824 1178824] logging.cc:361:     @        0x20011fcc8  (unknown)  (unknown)
    @     0x5a87271d8d80  (unknown)  (unknown)
[2026-09-08 01:37:45,917 E 1178822 1178822] logging.cc:361: *** SIGTERM received at time=1788831465 on cpu 5 ***
[2026-09-08 01:37:45,917 E 1178822 1178822] logging.cc:361: PC: @     0x79a1c9a99098  (unknown)  __lll_lock_wake_private
    @     0x5768b73925d0  (unknown)  (unknown)
[2026-09-08 01:37:45,919 E 1178823 1178823] logging.cc:361: *** SIGTERM received at time=1788831465 on cpu 11 ***
[2026-09-08 01:37:45,919 E 1178823 1178823] logging.cc:361: PC: @     0x5768b56d2f98  (unknown)  _PyObject_LookupSpecial
[2026-09-08 01:37:45,922 E 1178822 1178822] logging.cc:361:     @     0x79a1c9a45330  (unknown)  (unknown)
[2026-09-08 01:37:45,922 E 1178822 1178822] logging.cc:361:     @     0x5a8726f699d8  (unknown)  PyObject_Malloc
[2026-09-08 01:37:45,925 E 1178823 1178823] logging.cc:361:     @     0x7ad290c45330   10366832  (unknown)
[2026-09-08 01:37:45,928 E 1178822 1178822] logging.cc:361:     @     0x5a87271d8d80  (unknown)  (unknown)
[2026-09-08 01:37:45,931 E 1178823 1178823] logging.cc:361:     @     0x5768b73925d0  (unknown)  (unknown)

✨ All DP scenarios for P2 completed.

################################################################################
RUNNING MAIN FUNCTION ITERATION 3
################################################################################

Checking for existing dataset splits at:
 - dataset/half/p1.parquet
 - dataset/half/p2.parquet
Dataset splits already exist. Skipping splitting.

################################################################################
🚀 START EXPERIMENT: P1-P2 (BASELINE)🚀
################################################################################


--- Starting Lightning Local Baseline (Subdir: ) ---
🚀 [PID:1199949] Starting training for M2...
Exception ignored in atexit callback: <function _log_traced_frames at 0x753242b97b50>
Traceback (most recent call last):
  File "/home/crysys/miniconda3/envs/flower-fl-traffic/lib/python3.10/site-packages/torch/_dynamo/eval_frame.py", line 698, in _log_traced_frames
🚀 [PID:1199948] Starting training for M1...
    msg = "\n".join(dynamo_tls.traced_frame_infos)
  File "/home/crysys/miniconda3/envs/flower-fl-traffic/lib/python3.10/site-packages/ray/_private/worker.py", line 1723, in sigterm_handler
    sys.exit(signum)
SystemExit: 15
✅ Baseline experiment completed. Data saved to: results/half/1_local_baseline/2.json

################################################################################
🚀 START EXPERIMENT: P11-P12 (BASELINE)🚀
################################################################################


--- Starting Lightning Local Baseline (Subdir: P1) ---
🚀 [PID:1199978] Starting training for M1...
Exception ignored in atexit callback: <function dump_compile_times at 0x7d9dfc9a9240>
Traceback (most recent call last):
  File "/home/crysys/miniconda3/envs/flower-fl-traffic/lib/python3.10/site-packages/torch/_dynamo/utils.py", line 910, in dump_compile_times
🚀 [PID:1199979] Starting training for M2...
    log.info(compile_times(repr="str", aggregate=True))
  File "/home/crysys/miniconda3/envs/flower-fl-traffic/lib/python3.10/site-packages/torch/_dynamo/utils.py", line 896, in compile_times
    out += tabulate(rows, headers=("Function", "Runtimes (s)"))
  File "/home/crysys/miniconda3/envs/flower-fl-traffic/lib/python3.10/site-packages/torch/_dynamo/utils.py", line 244, in tabulate
    import tabulate
  File "<frozen importlib._bootstrap>", line 1027, in _find_and_load
  File "<frozen importlib._bootstrap>", line 1002, in _find_and_load_unlocked
  File "<frozen importlib._bootstrap>", line 937, in _find_spec
  File "<frozen importlib._bootstrap>", line 897, in __exit__
  File "/home/crysys/miniconda3/envs/flower-fl-traffic/lib/python3.10/site-packages/ray/_private/worker.py", line 1723, in sigterm_handler
    sys.exit(signum)
SystemExit: 15
✅ Baseline experiment completed. Data saved to: results/half/1_local_baseline/P1/2.json

################################################################################
🚀 START EXPERIMENT: P21-P22 (BASELINE)🚀
################################################################################


--- Starting Lightning Local Baseline (Subdir: P2) ---
🚀 [PID:1200001] Starting training for M2...
Exception ignored in atexit callback: <function dump_compile_times at 0x7002c8b3d240>
Traceback (most recent call last):
  File "/home/crysys/miniconda3/envs/flower-fl-traffic/lib/python3.10/site-packages/torch/_dynamo/utils.py", line 910, in dump_compile_times
🚀 [PID:1200000] Starting training for M1...
    log.info(compile_times(repr="str", aggregate=True))
  File "/home/crysys/miniconda3/envs/flower-fl-traffic/lib/python3.10/site-packages/torch/_dynamo/utils.py", line 896, in compile_times
    out += tabulate(rows, headers=("Function", "Runtimes (s)"))
  File "/home/crysys/miniconda3/envs/flower-fl-traffic/lib/python3.10/site-packages/torch/_dynamo/utils.py", line 244, in tabulate
    import tabulate
  File "<frozen importlib._bootstrap>", line 1024, in _find_and_load
  File "<frozen importlib._bootstrap>", line 169, in __enter__
  File "/home/crysys/miniconda3/envs/flower-fl-traffic/lib/python3.10/site-packages/ray/_private/worker.py", line 1723, in sigterm_handler
    sys.exit(signum)
SystemExit: 15
✅ Baseline experiment completed. Data saved to: results/half/1_local_baseline/P2/2.json

################################################################################
START EXPERIMENT: P1-P2 (DP)🚀
################################################################################


############################################################
🔥 Starting Parallel Runner | Mode: DP | Processes: 4
############################################################


🚀 Starting Parallel Simulation (DP) | Client1: 0.05 | Client2: 0.25
✅ Scenario Finished | C1: 0.05, C2: 0.25 | Acc: 95.47%, 95.44%

🚀 Starting Parallel Simulation (DP) | Client1: 0.05 | Client2: 0.3
✅ Scenario Finished | C1: 0.05, C2: 0.3 | Acc: 97.08%, 97.16%

🚀 Starting Parallel Simulation (DP) | Client1: 0.1 | Client2: 0.0
✅ Scenario Finished | C1: 0.1, C2: 0.0 | Acc: 95.98%, 95.94%

🚀 Starting Parallel Simulation (DP) | Client1: 0.1 | Client2: 0.05
✅ Scenario Finished | C1: 0.1, C2: 0.05 | Acc: 97.20%, 97.20%

🚀 Starting Parallel Simulation (DP) | Client1: 0.15 | Client2: 0.15
✅ Scenario Finished | C1: 0.15, C2: 0.15 | Acc: 96.94%, 96.98%

🚀 Starting Parallel Simulation (DP) | Client1: 0.15 | Client2: 0.2
✅ Scenario Finished | C1: 0.15, C2: 0.2 | Acc: 95.98%, 95.99%

🚀 Starting Parallel Simulation (DP) | Client1: 0.15 | Client2: 0.25
✅ Scenario Finished | C1: 0.15, C2: 0.25 | Acc: 97.02%, 97.01%

🚀 Starting Parallel Simulation (DP) | Client1: 0.15 | Client2: 0.3
✅ Scenario Finished | C1: 0.15, C2: 0.3 | Acc: 96.42%, 96.37%

🚀 Starting Parallel Simulation (DP) | Client1: 0.25 | Client2: 0.25
✅ Scenario Finished | C1: 0.25, C2: 0.25 | Acc: 96.95%, 96.86%

🚀 Starting Parallel Simulation (DP) | Client1: 0.25 | Client2: 0.3
✅ Scenario Finished | C1: 0.25, C2: 0.3 | Acc: 96.43%, 96.45%

🚀 Starting Parallel Simulation (DP) | Client1: 0.3 | Client2: 0.0
✅ Scenario Finished | C1: 0.3, C2: 0.0 | Acc: 96.79%, 96.83%

🚀 Starting Parallel Simulation (DP) | Client1: 0.3 | Client2: 0.05
✅ Scenario Finished | C1: 0.3, C2: 0.05 | Acc: 97.14%, 97.16%
*** SIGTERM received at time=1788849319 on cpu 11 ***
*** SIGTERM received at time=1788849319 on cpu 4 ***
*** SIGTERM received at time=1788849319 on cpu 12 ***
*** SIGTERM received at time=1788849319 on cpu 10 ***
PC: @     0x7c41f2b25e7b  (unknown)  munmap
    @     0x7c41f2a45330  1136733728  (unknown)
PC: @     0x70f49fc4ca50  (unknown)  ImagingMemoryClearCache
    @     0x70f4d9a45330  (unknown)  (unknown)
    @ ... and at least 3 more frames
[2026-09-08 06:35:19,335 E 1200029 1200029] logging.cc:361: *** SIGTERM received at time=1788849319 on cpu 11 ***
[2026-09-08 06:35:19,335 E 1200029 1200029] logging.cc:361: PC: @     0x70f49fc4ca50  (unknown)  ImagingMemoryClearCache
[2026-09-08 06:35:19,335 E 1200029 1200029] logging.cc:361:     @     0x70f4d9a45330  (unknown)  (unknown)
[2026-09-08 06:35:19,335 E 1200029 1200029] logging.cc:361:     @ ... and at least 3 more frames
PC: @     0x795241698e51  (unknown)  (unknown)
    @     0x795241645330  719481936  (unknown)
PC: @     0x71ad806ab8e6  (unknown)  (unknown)
    @     0x71ad80645330  233113472  (unknown)
    @     0x7952416a5098         96  (unknown)
    @     0x71ad806ad7f4         64  __libc_malloc
    @     0x623cd457f32c  (unknown)  PyThread_acquire_lock_timed
    @ ... and at least 1 more frames
    @     0x5a87cb0be9d8  (unknown)  PyObject_Malloc
[2026-09-08 06:35:19,340 E 1200031 1200031] logging.cc:361: *** SIGTERM received at time=1788849319 on cpu 12 ***
[2026-09-08 06:35:19,341 E 1200031 1200031] logging.cc:361: PC: @     0x795241698e51  (unknown)  (unknown)
[2026-09-08 06:35:19,341 E 1200031 1200031] logging.cc:361:     @     0x795241645330  719481936  (unknown)
[2026-09-08 06:35:19,341 E 1200031 1200031] logging.cc:361:     @     0x7952416a5098         96  (unknown)
[2026-09-08 06:35:19,341 E 1200031 1200031] logging.cc:361:     @     0x623cd457f32c  (unknown)  PyThread_acquire_lock_timed
[2026-09-08 06:35:19,341 E 1200031 1200031] logging.cc:361:     @ ... and at least 1 more frames
    @     0x5a87cb32dd80  (unknown)  (unknown)
[2026-09-08 06:35:19,346 E 1200030 1200030] logging.cc:361: *** SIGTERM received at time=1788849319 on cpu 4 ***
    @     0x7c41d9e665c7  (unknown)  at::MapAllocator::~MapAllocator()
    @ ... and at least 5 more frames
[2026-09-08 06:35:19,347 E 1200032 1200032] logging.cc:361: *** SIGTERM received at time=1788849319 on cpu 10 ***
[2026-09-08 06:35:19,347 E 1200032 1200032] logging.cc:361: PC: @     0x7c41f2b25e7b  (unknown)  munmap
[2026-09-08 06:35:19,347 E 1200032 1200032] logging.cc:361:     @     0x7c41f2a45330  1136733728  (unknown)
[2026-09-08 06:35:19,348 E 1200032 1200032] logging.cc:361:     @     0x7c41d9e665c7  (unknown)  at::MapAllocator::~MapAllocator()
[2026-09-08 06:35:19,348 E 1200032 1200032] logging.cc:361:     @ ... and at least 5 more frames
[2026-09-08 06:35:19,351 E 1200030 1200030] logging.cc:361: PC: @     0x71ad806ab8e6  (unknown)  (unknown)
[2026-09-08 06:35:19,351 E 1200030 1200030] logging.cc:361:     @     0x71ad80645330  233113472  (unknown)
[2026-09-08 06:35:19,351 E 1200030 1200030] logging.cc:361:     @     0x71ad806ad7f4         64  __libc_malloc
[2026-09-08 06:35:19,351 E 1200030 1200030] logging.cc:361:     @     0x5a87cb0be9d8  (unknown)  PyObject_Malloc
[2026-09-08 06:35:19,356 E 1200030 1200030] logging.cc:361:     @     0x5a87cb32dd80  (unknown)  (unknown)

✨ All DP scenarios for  completed.

################################################################################
START EXPERIMENT: P11-P12 (DP)🚀
################################################################################


############################################################
🔥 Starting Parallel Runner | Mode: DP | Processes: 4
############################################################


🚀 Starting Parallel Simulation (DP) | Client1: 0.0 | Client2: 0.2
✅ Scenario Finished | C1: 0.0, C2: 0.2 | Acc: 94.99%, 94.72%

🚀 Starting Parallel Simulation (DP) | Client1: 0.0 | Client2: 0.25
✅ Scenario Finished | C1: 0.0, C2: 0.25 | Acc: 94.58%, 94.50%

🚀 Starting Parallel Simulation (DP) | Client1: 0.0 | Client2: 0.3
✅ Scenario Finished | C1: 0.0, C2: 0.3 | Acc: 96.35%, 96.64%

🚀 Starting Parallel Simulation (DP) | Client1: 0.05 | Client2: 0.0
✅ Scenario Finished | C1: 0.05, C2: 0.0 | Acc: 95.98%, 96.22%

🚀 Starting Parallel Simulation (DP) | Client1: 0.1 | Client2: 0.3
✅ Scenario Finished | C1: 0.1, C2: 0.3 | Acc: 95.06%, 94.94%

🚀 Starting Parallel Simulation (DP) | Client1: 0.15 | Client2: 0.0
✅ Scenario Finished | C1: 0.15, C2: 0.0 | Acc: 95.38%, 95.65%

🚀 Starting Parallel Simulation (DP) | Client1: 0.15 | Client2: 0.05
✅ Scenario Finished | C1: 0.15, C2: 0.05 | Acc: 95.02%, 95.19%

🚀 Starting Parallel Simulation (DP) | Client1: 0.15 | Client2: 0.1
✅ Scenario Finished | C1: 0.15, C2: 0.1 | Acc: 96.44%, 96.64%

🚀 Starting Parallel Simulation (DP) | Client1: 0.25 | Client2: 0.05
✅ Scenario Finished | C1: 0.25, C2: 0.05 | Acc: 94.82%, 94.63%

🚀 Starting Parallel Simulation (DP) | Client1: 0.25 | Client2: 0.1
✅ Scenario Finished | C1: 0.25, C2: 0.1 | Acc: 95.11%, 94.89%

🚀 Starting Parallel Simulation (DP) | Client1: 0.25 | Client2: 0.15
✅ Scenario Finished | C1: 0.25, C2: 0.15 | Acc: 94.64%, 94.53%

🚀 Starting Parallel Simulation (DP) | Client1: 0.25 | Client2: 0.2
✅ Scenario Finished | C1: 0.25, C2: 0.2 | Acc: 96.32%, 96.10%
*** SIGTERM received at time=1788857870 on cpu 2 ***
*** SIGTERM received at time=1788857870 on cpu 5 ***
*** SIGTERM received at time=1788857870 on cpu 15 ***
*** SIGTERM received at time=1788857870 on cpu 0 ***
PC: @     0x74a30af25e7b  (unknown)  munmap
    @     0x74a30ae45330  (unknown)  (unknown)
PC: @     0x59e31a6a544e  (unknown)  PyObject_GC_Del
    @     0x70ca8c045330  (unknown)  (unknown)
PC: @     0x592f9c4ea4f0  (unknown)  _PyObject_GetMethod
PC: @     0x5cbf2eb41f67  (unknown)  _PyObject_GenericGetAttrWithDict
    @     0x7a7d80245330  1145757152  (unknown)
    @     0x7f5b04e45330  (unknown)  (unknown)
[2026-09-08 08:57:50,702 E 1225090 1225090] logging.cc:361: *** SIGTERM received at time=1788857870 on cpu 15 ***
[2026-09-08 08:57:50,702 E 1225090 1225090] logging.cc:361: PC: @     0x5cbf2eb41f67  (unknown)  _PyObject_GenericGetAttrWithDict
    @     0x59e31a904720  (unknown)  (unknown)
[2026-09-08 08:57:50,703 E 1225090 1225090] logging.cc:361:     @     0x7f5b04e45330  (unknown)  (unknown)
[2026-09-08 08:57:50,703 E 1225089 1225089] logging.cc:361: *** SIGTERM received at time=1788857870 on cpu 2 ***
[2026-09-08 08:57:50,703 E 1225089 1225089] logging.cc:361: PC: @     0x59e31a6a544e  (unknown)  PyObject_GC_Del
[2026-09-08 08:57:50,706 E 1225089 1225089] logging.cc:361:     @     0x70ca8c045330  (unknown)  (unknown)
    @     0x592f9c716240  (unknown)  (unknown)
[2026-09-08 08:57:50,707 E 1225091 1225091] logging.cc:361: *** SIGTERM received at time=1788857870 on cpu 5 ***
[2026-09-08 08:57:50,707 E 1225091 1225091] logging.cc:361: PC: @     0x592f9c4ea4f0  (unknown)  _PyObject_GetMethod
[2026-09-08 08:57:50,709 E 1225091 1225091] logging.cc:361:     @     0x7a7d80245330  1145757152  (unknown)
[2026-09-08 08:57:50,710 E 1225089 1225089] logging.cc:361:     @     0x59e31a904720  (unknown)  (unknown)
    @     0x74a2f22665c7  (unknown)  at::MapAllocator::~MapAllocator()
    @ ... and at least 5 more frames
[2026-09-08 08:57:50,712 E 1225088 1225088] logging.cc:361: *** SIGTERM received at time=1788857870 on cpu 0 ***
[2026-09-08 08:57:50,712 E 1225088 1225088] logging.cc:361: PC: @     0x74a30af25e7b  (unknown)  munmap
[2026-09-08 08:57:50,712 E 1225088 1225088] logging.cc:361:     @     0x74a30ae45330  (unknown)  (unknown)
[2026-09-08 08:57:50,712 E 1225088 1225088] logging.cc:361:     @     0x74a2f22665c7  (unknown)  at::MapAllocator::~MapAllocator()
[2026-09-08 08:57:50,712 E 1225088 1225088] logging.cc:361:     @ ... and at least 5 more frames
[2026-09-08 08:57:50,714 E 1225091 1225091] logging.cc:361:     @     0x592f9c716240  (unknown)  (unknown)

✨ All DP scenarios for P1 completed.

################################################################################
START EXPERIMENT: P21-P22 (DP)🚀
################################################################################


############################################################
🔥 Starting Parallel Runner | Mode: DP | Processes: 4
############################################################


🚀 Starting Parallel Simulation (DP) | Client1: 0.0 | Client2: 0.2
✅ Scenario Finished | C1: 0.0, C2: 0.2 | Acc: 95.06%, 94.84%

🚀 Starting Parallel Simulation (DP) | Client1: 0.0 | Client2: 0.25
✅ Scenario Finished | C1: 0.0, C2: 0.25 | Acc: 94.76%, 94.53%

🚀 Starting Parallel Simulation (DP) | Client1: 0.0 | Client2: 0.3
✅ Scenario Finished | C1: 0.0, C2: 0.3 | Acc: 95.01%, 94.87%

🚀 Starting Parallel Simulation (DP) | Client1: 0.05 | Client2: 0.0
✅ Scenario Finished | C1: 0.05, C2: 0.0 | Acc: 97.17%, 97.08%

🚀 Starting Parallel Simulation (DP) | Client1: 0.1 | Client2: 0.3
✅ Scenario Finished | C1: 0.1, C2: 0.3 | Acc: 96.42%, 96.58%

🚀 Starting Parallel Simulation (DP) | Client1: 0.15 | Client2: 0.0
✅ Scenario Finished | C1: 0.15, C2: 0.0 | Acc: 94.95%, 94.78%

🚀 Starting Parallel Simulation (DP) | Client1: 0.15 | Client2: 0.05
✅ Scenario Finished | C1: 0.15, C2: 0.05 | Acc: 95.02%, 94.89%

🚀 Starting Parallel Simulation (DP) | Client1: 0.15 | Client2: 0.1
✅ Scenario Finished | C1: 0.15, C2: 0.1 | Acc: 94.68%, 94.85%

🚀 Starting Parallel Simulation (DP) | Client1: 0.25 | Client2: 0.05
✅ Scenario Finished | C1: 0.25, C2: 0.05 | Acc: 96.34%, 96.46%

🚀 Starting Parallel Simulation (DP) | Client1: 0.25 | Client2: 0.1
✅ Scenario Finished | C1: 0.25, C2: 0.1 | Acc: 96.68%, 96.53%

🚀 Starting Parallel Simulation (DP) | Client1: 0.25 | Client2: 0.15
✅ Scenario Finished | C1: 0.25, C2: 0.15 | Acc: 94.92%, 94.78%

🚀 Starting Parallel Simulation (DP) | Client1: 0.25 | Client2: 0.2
✅ Scenario Finished | C1: 0.25, C2: 0.2 | Acc: 94.74%, 94.56%
*** SIGTERM received at time=1788866451 on cpu 3 ***
*** SIGTERM received at time=1788866451 on cpu 12 ***
*** SIGTERM received at time=1788866451 on cpu 4 ***
*** SIGTERM received at time=1788866451 on cpu 9 ***
PC: @     0x750d6c32ac78  (unknown)  __xstat
    @     0x750d6c245330  (unknown)  (unknown)
[2026-09-08 11:20:51,958 E 1246311 1246311] logging.cc:361: *** SIGTERM received at time=1788866451 on cpu 3 ***
[2026-09-08 11:20:51,958 E 1246311 1246311] logging.cc:361: PC: @     0x750d6c32ac78  (unknown)  __xstat
[2026-09-08 11:20:51,959 E 1246311 1246311] logging.cc:361:     @     0x750d6c245330  (unknown)  (unknown)
PC: @     0x6ffde1f25e7b  (unknown)  munmap
    @     0x6ffde1e45330  (unknown)  (unknown)
PC: @     0x76a90d898e51  (unknown)  (unknown)
    @     0x76a90d845330  889781408  (unknown)
    @     0x76a90d8a5098         96  (unknown)
    @     0x6250ba76032c  (unknown)  PyThread_acquire_lock_timed
    @ ... and at least 1 more frames
[2026-09-08 11:20:51,966 E 1246309 1246309] logging.cc:361: *** SIGTERM received at time=1788866451 on cpu 12 ***
[2026-09-08 11:20:51,966 E 1246309 1246309] logging.cc:361: PC: @     0x76a90d898e51  (unknown)  (unknown)
[2026-09-08 11:20:51,966 E 1246309 1246309] logging.cc:361:     @     0x76a90d845330  889781408  (unknown)
[2026-09-08 11:20:51,966 E 1246309 1246309] logging.cc:361:     @     0x76a90d8a5098         96  (unknown)
[2026-09-08 11:20:51,966 E 1246309 1246309] logging.cc:361:     @     0x6250ba76032c  (unknown)  PyThread_acquire_lock_timed
[2026-09-08 11:20:51,966 E 1246309 1246309] logging.cc:361:     @ ... and at least 1 more frames
PC: @     0x61d2e0905600  (unknown)  tupledealloc
    @     0x6ffdc92665c7  (unknown)  at::MapAllocator::~MapAllocator()
    @ ... and at least 5 more frames
[2026-09-08 11:20:51,977 E 1246308 1246308] logging.cc:361: *** SIGTERM received at time=1788866451 on cpu 9 ***
[2026-09-08 11:20:51,977 E 1246308 1246308] logging.cc:361: PC: @     0x6ffde1f25e7b  (unknown)  munmap
    @     0x734de6c45330  361578832  (unknown)
[2026-09-08 11:20:51,977 E 1246308 1246308] logging.cc:361:     @     0x6ffde1e45330  (unknown)  (unknown)
[2026-09-08 11:20:51,977 E 1246308 1246308] logging.cc:361:     @     0x6ffdc92665c7  (unknown)  at::MapAllocator::~MapAllocator()
[2026-09-08 11:20:51,977 E 1246308 1246308] logging.cc:361:     @ ... and at least 5 more frames
    @     0x61d2f960b030  (unknown)  (unknown)
[2026-09-08 11:20:51,986 E 1246310 1246310] logging.cc:361: *** SIGTERM received at time=1788866451 on cpu 4 ***
[2026-09-08 11:20:51,986 E 1246310 1246310] logging.cc:361: PC: @     0x61d2e0905600  (unknown)  tupledealloc
[2026-09-08 11:20:51,990 E 1246310 1246310] logging.cc:361:     @     0x734de6c45330  361578832  (unknown)
[2026-09-08 11:20:51,995 E 1246310 1246310] logging.cc:361:     @     0x61d2f960b030  (unknown)  (unknown)

✨ All DP scenarios for P2 completed.

################################################################################
RUNNING MAIN FUNCTION ITERATION 4
################################################################################

Checking for existing dataset splits at:
 - dataset/half/p1.parquet
 - dataset/half/p2.parquet
Dataset splits already exist. Skipping splitting.

################################################################################
🚀 START EXPERIMENT: P1-P2 (BASELINE)🚀
################################################################################


--- Starting Lightning Local Baseline (Subdir: ) ---
🚀 [PID:1267442] Starting training for M1...
Exception ignored in atexit callback: <function dump_compile_times at 0x75d450ce9240>
Traceback (most recent call last):
  File "/home/crysys/miniconda3/envs/flower-fl-traffic/lib/python3.10/site-packages/torch/_dynamo/utils.py", line 910, in dump_compile_times
🚀 [PID:1267441] Starting training for M2...
    log.info(compile_times(repr="str", aggregate=True))
  File "/home/crysys/miniconda3/envs/flower-fl-traffic/lib/python3.10/site-packages/torch/_dynamo/utils.py", line 896, in compile_times
    out += tabulate(rows, headers=("Function", "Runtimes (s)"))
  File "/home/crysys/miniconda3/envs/flower-fl-traffic/lib/python3.10/site-packages/torch/_dynamo/utils.py", line 244, in tabulate
    import tabulate
  File "<frozen importlib._bootstrap>", line 1027, in _find_and_load
  File "<frozen importlib._bootstrap>", line 1002, in _find_and_load_unlocked
  File "<frozen importlib._bootstrap>", line 945, in _find_spec
  File "<frozen importlib._bootstrap_external>", line 1439, in find_spec
  File "<frozen importlib._bootstrap_external>", line 1411, in _get_spec
  File "<frozen importlib._bootstrap_external>", line 1548, in find_spec
  File "<frozen importlib._bootstrap_external>", line 1591, in _fill_cache
  File "/home/crysys/miniconda3/envs/flower-fl-traffic/lib/python3.10/site-packages/ray/_private/worker.py", line 1723, in sigterm_handler
    sys.exit(signum)
SystemExit: 15
✅ Baseline experiment completed. Data saved to: results/half/1_local_baseline/3.json

################################################################################
🚀 START EXPERIMENT: P11-P12 (BASELINE)🚀
################################################################################


--- Starting Lightning Local Baseline (Subdir: P1) ---
🚀 [PID:1267470] Starting training for M2...
🚀 [PID:1267469] Starting training for M1...
Exception ignored in atexit callback: <bound method finalize._exitfunc of <class 'weakref.finalize'>>
Traceback (most recent call last):
  File "/home/crysys/miniconda3/envs/flower-fl-traffic/lib/python3.10/weakref.py", line 657, in _exitfunc
Exception ignored in atexit callback: <function dump_compile_times at 0x7c9ff1419240>
Traceback (most recent call last):
  File "/home/crysys/miniconda3/envs/flower-fl-traffic/lib/python3.10/site-packages/torch/_dynamo/utils.py", line 910, in dump_compile_times
    pending = cls._select_for_exit()
  File "/home/crysys/miniconda3/envs/flower-fl-traffic/lib/python3.10/weakref.py", line 639, in _select_for_exit
    L.sort(key=lambda item:item[1].index)
  File "/home/crysys/miniconda3/envs/flower-fl-traffic/lib/python3.10/weakref.py", line 639, in <lambda>
    L.sort(key=lambda item:item[1].index)
  File "/home/crysys/miniconda3/envs/flower-fl-traffic/lib/python3.10/site-packages/ray/_private/worker.py", line 1723, in sigterm_handler
    log.info(compile_times(repr="str", aggregate=True))
  File "/home/crysys/miniconda3/envs/flower-fl-traffic/lib/python3.10/site-packages/torch/_dynamo/utils.py", line 896, in compile_times
    sys.exit(signum)
SystemExit: 15
    out += tabulate(rows, headers=("Function", "Runtimes (s)"))
  File "/home/crysys/miniconda3/envs/flower-fl-traffic/lib/python3.10/site-packages/torch/_dynamo/utils.py", line 244, in tabulate
    import tabulate
  File "<frozen importlib._bootstrap>", line 1027, in _find_and_load
  File "<frozen importlib._bootstrap>", line 1002, in _find_and_load_unlocked
  File "<frozen importlib._bootstrap>", line 945, in _find_spec
  File "<frozen importlib._bootstrap_external>", line 1439, in find_spec
  File "<frozen importlib._bootstrap_external>", line 1411, in _get_spec
  File "<frozen importlib._bootstrap_external>", line 1572, in find_spec
  File "<frozen importlib._bootstrap_external>", line 128, in _path_join
  File "<frozen importlib._bootstrap_external>", line 128, in <listcomp>
  File "/home/crysys/miniconda3/envs/flower-fl-traffic/lib/python3.10/site-packages/ray/_private/worker.py", line 1723, in sigterm_handler
    sys.exit(signum)
SystemExit: 15
✅ Baseline experiment completed. Data saved to: results/half/1_local_baseline/P1/3.json

################################################################################
🚀 START EXPERIMENT: P21-P22 (BASELINE)🚀
################################################################################


--- Starting Lightning Local Baseline (Subdir: P2) ---
🚀 [PID:1267493] Starting training for M1...
Exception ignored in atexit callback: <function _log_traced_frames at 0x720784c57b50>
Traceback (most recent call last):
🚀 [PID:1267492] Starting training for M2...
  File "/home/crysys/miniconda3/envs/flower-fl-traffic/lib/python3.10/site-packages/torch/_dynamo/eval_frame.py", line 701, in _log_traced_frames
    log.info(msg)
  File "/home/crysys/miniconda3/envs/flower-fl-traffic/lib/python3.10/logging/__init__.py", line 1476, in info
    if self.isEnabledFor(INFO):
  File "/home/crysys/miniconda3/envs/flower-fl-traffic/lib/python3.10/logging/__init__.py", line 1724, in isEnabledFor
    def isEnabledFor(self, level):
  File "/home/crysys/miniconda3/envs/flower-fl-traffic/lib/python3.10/site-packages/ray/_private/worker.py", line 1723, in sigterm_handler
    sys.exit(signum)
SystemExit: 15
✅ Baseline experiment completed. Data saved to: results/half/1_local_baseline/P2/3.json

################################################################################
START EXPERIMENT: P1-P2 (DP)🚀
################################################################################


############################################################
🔥 Starting Parallel Runner | Mode: DP | Processes: 4
############################################################

*** SIGTERM received at time=1788884446 on cpu 14 ***
*** SIGTERM received at time=1788884446 on cpu 9 ***
*** SIGTERM received at time=1788884446 on cpu 5 ***
*** SIGTERM received at time=1788884446 on cpu 4 ***
PC: @     0x7b1d96525e7b  (unknown)  munmap
    @     0x7b1d96445330  906198768  (unknown)
PC: @     0x759bc8a98e51  (unknown)  (unknown)
    @     0x759bc8a45330  1377324624  (unknown)
    @     0x759bc8aa5098         96  (unknown)
    @     0x60f1a666532c  (unknown)  PyThread_acquire_lock_timed
    @ ... and at least 1 more frames
[2026-09-08 16:20:46,887 E 1267525 1267525] logging.cc:361: *** SIGTERM received at time=1788884446 on cpu 5 ***
[2026-09-08 16:20:46,888 E 1267525 1267525] logging.cc:361: PC: @     0x759bc8a98e51  (unknown)  (unknown)
[2026-09-08 16:20:46,888 E 1267525 1267525] logging.cc:361:     @     0x759bc8a45330  1377324624  (unknown)
[2026-09-08 16:20:46,888 E 1267525 1267525] logging.cc:361:     @     0x759bc8aa5098         96  (unknown)
[2026-09-08 16:20:46,888 E 1267525 1267525] logging.cc:361:     @     0x60f1a666532c  (unknown)  PyThread_acquire_lock_timed
[2026-09-08 16:20:46,888 E 1267525 1267525] logging.cc:361:     @ ... and at least 1 more frames
PC: @     0x74e13a0ab8dc  (unknown)  (unknown)
    @     0x74e13a045330  (unknown)  (unknown)
    @     0x74e13a0ad7f4         64  __libc_malloc
PC: @     0x594bde8f901a  (unknown)  _PyObject_GC_NewVar
    @     0x740e5f245330  (unknown)  (unknown)
    @     0x5ad42db1e9d8  (unknown)  PyObject_Malloc
    @     0x7b1d7d8665c7  (unknown)  at::MapAllocator::~MapAllocator()
    @ ... and at least 5 more frames
[2026-09-08 16:20:46,894 E 1267526 1267526] logging.cc:361: *** SIGTERM received at time=1788884446 on cpu 4 ***
[2026-09-08 16:20:46,894 E 1267526 1267526] logging.cc:361: PC: @     0x7b1d96525e7b  (unknown)  munmap
[2026-09-08 16:20:46,894 E 1267526 1267526] logging.cc:361:     @     0x7b1d96445330  906198768  (unknown)
[2026-09-08 16:20:46,894 E 1267526 1267526] logging.cc:361:     @     0x7b1d7d8665c7  (unknown)  at::MapAllocator::~MapAllocator()
[2026-09-08 16:20:46,894 E 1267526 1267526] logging.cc:361:     @ ... and at least 5 more frames
    @     0x5ad42dd8dd80  (unknown)  (unknown)
[2026-09-08 16:20:46,896 E 1267527 1267527] logging.cc:361: *** SIGTERM received at time=1788884446 on cpu 14 ***
[2026-09-08 16:20:46,900 E 1267527 1267527] logging.cc:361: PC: @     0x74e13a0ab8dc  (unknown)  (unknown)
[2026-09-08 16:20:46,900 E 1267527 1267527] logging.cc:361:     @     0x74e13a045330  (unknown)  (unknown)
[2026-09-08 16:20:46,900 E 1267527 1267527] logging.cc:361:     @     0x74e13a0ad7f4         64  __libc_malloc
[2026-09-08 16:20:46,900 E 1267527 1267527] logging.cc:361:     @     0x5ad42db1e9d8  (unknown)  PyObject_Malloc
[2026-09-08 16:20:46,904 E 1267527 1267527] logging.cc:361:     @     0x5ad42dd8dd80  (unknown)  (unknown)
    @     0x594bdeb61720  (unknown)  (unknown)
[2026-09-08 16:20:46,910 E 1267524 1267524] logging.cc:361: *** SIGTERM received at time=1788884446 on cpu 9 ***
[2026-09-08 16:20:46,910 E 1267524 1267524] logging.cc:361: PC: @     0x594bde8f901a  (unknown)  _PyObject_GC_NewVar
[2026-09-08 16:20:46,916 E 1267524 1267524] logging.cc:361:     @     0x740e5f245330  (unknown)  (unknown)
[2026-09-08 16:20:46,919 E 1267524 1267524] logging.cc:361:     @     0x594bdeb61720  (unknown)  (unknown)

✨ All DP scenarios for  completed.

################################################################################
START EXPERIMENT: P11-P12 (DP)🚀
################################################################################


############################################################
🔥 Starting Parallel Runner | Mode: DP | Processes: 4
############################################################


🚀 Starting Parallel Simulation (DP) | Client1: 0.0 | Client2: 0.2
✅ Scenario Finished | C1: 0.0, C2: 0.2 | Acc: 96.86%, 96.96%

🚀 Starting Parallel Simulation (DP) | Client1: 0.0 | Client2: 0.25
✅ Scenario Finished | C1: 0.0, C2: 0.25 | Acc: 96.48%, 96.60%

🚀 Starting Parallel Simulation (DP) | Client1: 0.0 | Client2: 0.3
✅ Scenario Finished | C1: 0.0, C2: 0.3 | Acc: 96.47%, 96.42%

🚀 Starting Parallel Simulation (DP) | Client1: 0.05 | Client2: 0.0
✅ Scenario Finished | C1: 0.05, C2: 0.0 | Acc: 96.81%, 96.85%

🚀 Starting Parallel Simulation (DP) | Client1: 0.1 | Client2: 0.3
✅ Scenario Finished | C1: 0.1, C2: 0.3 | Acc: 94.86%, 94.96%

🚀 Starting Parallel Simulation (DP) | Client1: 0.15 | Client2: 0.0
✅ Scenario Finished | C1: 0.15, C2: 0.0 | Acc: 95.31%, 95.35%

🚀 Starting Parallel Simulation (DP) | Client1: 0.15 | Client2: 0.05
✅ Scenario Finished | C1: 0.15, C2: 0.05 | Acc: 95.56%, 95.55%

🚀 Starting Parallel Simulation (DP) | Client1: 0.15 | Client2: 0.1
✅ Scenario Finished | C1: 0.15, C2: 0.1 | Acc: 95.47%, 95.42%

🚀 Starting Parallel Simulation (DP) | Client1: 0.25 | Client2: 0.05
✅ Scenario Finished | C1: 0.25, C2: 0.05 | Acc: 95.22%, 95.15%

🚀 Starting Parallel Simulation (DP) | Client1: 0.25 | Client2: 0.1
✅ Scenario Finished | C1: 0.25, C2: 0.1 | Acc: 96.15%, 96.03%

🚀 Starting Parallel Simulation (DP) | Client1: 0.25 | Client2: 0.15
✅ Scenario Finished | C1: 0.25, C2: 0.15 | Acc: 95.43%, 95.39%

🚀 Starting Parallel Simulation (DP) | Client1: 0.25 | Client2: 0.2
✅ Scenario Finished | C1: 0.25, C2: 0.2 | Acc: 95.38%, 95.39%
*** SIGTERM received at time=1788892990 on cpu 14 ***
*** SIGTERM received at time=1788892990 on cpu 4 ***
*** SIGTERM received at time=1788892990 on cpu 15 ***
*** SIGTERM received at time=1788892990 on cpu 1 ***
PC: @     0x7d01ea925e7b  (unknown)  munmap
    @     0x7d01ea845330  (unknown)  (unknown)
PC: @     0x7c95af498e51  (unknown)  (unknown)
PC: @     0x7ec0a0ea48d5  (unknown)  sem_post
    @     0x7ec0a0e45330  1151692512  (unknown)
    @     0x7c95af445330  (unknown)  (unknown)
    @     0x7c95af4a5098         96  (unknown)
PC: @     0x6177ea99238f  (unknown)  object_dealloc
    @     0x7594d7e45330  1493309584  (unknown)
    @     0x58a0602ec32c  (unknown)  PyThread_acquire_lock_timed
    @ ... and at least 1 more frames
[2026-09-08 18:43:10,716 E 1292153 1292153] logging.cc:361: *** SIGTERM received at time=1788892990 on cpu 4 ***
[2026-09-08 18:43:10,716 E 1292153 1292153] logging.cc:361: PC: @     0x7c95af498e51  (unknown)  (unknown)
[2026-09-08 18:43:10,716 E 1292153 1292153] logging.cc:361:     @     0x7c95af445330  (unknown)  (unknown)
[2026-09-08 18:43:10,716 E 1292153 1292153] logging.cc:361:     @     0x7c95af4a5098         96  (unknown)
[2026-09-08 18:43:10,716 E 1292153 1292153] logging.cc:361:     @     0x58a0602ec32c  (unknown)  PyThread_acquire_lock_timed
[2026-09-08 18:43:10,716 E 1292153 1292153] logging.cc:361:     @ ... and at least 1 more frames
    @     0x62a29c2999a0  (unknown)  (unknown)
[2026-09-08 18:43:10,719 E 1292152 1292152] logging.cc:361: *** SIGTERM received at time=1788892990 on cpu 14 ***
[2026-09-08 18:43:10,719 E 1292152 1292152] logging.cc:361: PC: @     0x7ec0a0ea48d5  (unknown)  sem_post
    @     0x6177eabd7d80  (unknown)  (unknown)
[2026-09-08 18:43:10,720 E 1292154 1292154] logging.cc:361: *** SIGTERM received at time=1788892990 on cpu 15 ***
[2026-09-08 18:43:10,720 E 1292154 1292154] logging.cc:361: PC: @     0x6177ea99238f  (unknown)  object_dealloc
    @     0x7d01d1c665c7  (unknown)  at::MapAllocator::~MapAllocator()
    @ ... and at least 5 more frames
[2026-09-08 18:43:10,722 E 1292155 1292155] logging.cc:361: *** SIGTERM received at time=1788892990 on cpu 1 ***
[2026-09-08 18:43:10,722 E 1292152 1292152] logging.cc:361:     @     0x7ec0a0e45330  1151692512  (unknown)
[2026-09-08 18:43:10,724 E 1292154 1292154] logging.cc:361:     @     0x7594d7e45330  1493309584  (unknown)
[2026-09-08 18:43:10,725 E 1292152 1292152] logging.cc:361:     @     0x62a29c2999a0  (unknown)  (unknown)
[2026-09-08 18:43:10,728 E 1292154 1292154] logging.cc:361:     @     0x6177eabd7d80  (unknown)  (unknown)
[2026-09-08 18:43:10,737 E 1292155 1292155] logging.cc:361: PC: @     0x7d01ea925e7b  (unknown)  munmap
[2026-09-08 18:43:10,737 E 1292155 1292155] logging.cc:361:     @     0x7d01ea845330  (unknown)  (unknown)
[2026-09-08 18:43:10,737 E 1292155 1292155] logging.cc:361:     @     0x7d01d1c665c7  (unknown)  at::MapAllocator::~MapAllocator()
[2026-09-08 18:43:10,737 E 1292155 1292155] logging.cc:361:     @ ... and at least 5 more frames

✨ All DP scenarios for P1 completed.

################################################################################
START EXPERIMENT: P21-P22 (DP)🚀
################################################################################


############################################################
🔥 Starting Parallel Runner | Mode: DP | Processes: 4
############################################################

*** SIGTERM received at time=1788901521 on cpu 11 ***
*** SIGTERM received at time=1788901521 on cpu 10 ***
*** SIGTERM received at time=1788901521 on cpu 14 ***
*** SIGTERM received at time=1788901521 on cpu 13 ***
PC: @     0x7155b4c98e51  (unknown)  (unknown)
    @     0x7155b4c45330  (unknown)  (unknown)
    @     0x7155b4ca5098         96  (unknown)
PC: @     0x7e5549d25e7b  (unknown)  munmap
    @     0x7e5549c45330  (unknown)  (unknown)
    @     0x5d384bd9132c  (unknown)  PyThread_acquire_lock_timed
    @ ... and at least 1 more frames
[2026-09-08 21:05:21,569 E 1313283 1313283] logging.cc:361: *** SIGTERM received at time=1788901521 on cpu 14 ***
[2026-09-08 21:05:21,569 E 1313283 1313283] logging.cc:361: PC: @     0x7155b4c98e51  (unknown)  (unknown)
[2026-09-08 21:05:21,569 E 1313283 1313283] logging.cc:361:     @     0x7155b4c45330  (unknown)  (unknown)
[2026-09-08 21:05:21,569 E 1313283 1313283] logging.cc:361:     @     0x7155b4ca5098         96  (unknown)
[2026-09-08 21:05:21,569 E 1313283 1313283] logging.cc:361:     @     0x5d384bd9132c  (unknown)  PyThread_acquire_lock_timed
[2026-09-08 21:05:21,569 E 1313283 1313283] logging.cc:361:     @ ... and at least 1 more frames
PC: @     0x61b0cc22db50  (unknown)  _PyEval_EvalFrameDefault
    @     0x718bd8a45330  (unknown)  (unknown)
PC: @     0x647776633830  (unknown)  _PyLong_New
    @     0x77cd91a45330  (unknown)  (unknown)
[2026-09-08 21:05:21,571 E 1313286 1313286] logging.cc:361: *** SIGTERM received at time=1788901521 on cpu 10 ***
[2026-09-08 21:05:21,571 E 1313286 1313286] logging.cc:361: PC: @     0x647776633830  (unknown)  _PyLong_New
[2026-09-08 21:05:21,571 E 1313286 1313286] logging.cc:361:     @     0x77cd91a45330  (unknown)  (unknown)
    @     0x61b0cc462840  (unknown)  (unknown)
[2026-09-08 21:05:21,578 E 1313284 1313284] logging.cc:361: *** SIGTERM received at time=1788901521 on cpu 11 ***
[2026-09-08 21:05:21,578 E 1313284 1313284] logging.cc:361: PC: @     0x61b0cc22db50  (unknown)  _PyEval_EvalFrameDefault
[2026-09-08 21:05:21,581 E 1313284 1313284] logging.cc:361:     @     0x718bd8a45330  (unknown)  (unknown)
    @     0x7e55310665c7  (unknown)  at::MapAllocator::~MapAllocator()
    @ ... and at least 5 more frames
[2026-09-08 21:05:21,583 E 1313285 1313285] logging.cc:361: *** SIGTERM received at time=1788901521 on cpu 13 ***
[2026-09-08 21:05:21,584 E 1313285 1313285] logging.cc:361: PC: @     0x7e5549d25e7b  (unknown)  munmap
[2026-09-08 21:05:21,584 E 1313285 1313285] logging.cc:361:     @     0x7e5549c45330  (unknown)  (unknown)
[2026-09-08 21:05:21,584 E 1313285 1313285] logging.cc:361:     @     0x7e55310665c7  (unknown)  at::MapAllocator::~MapAllocator()
[2026-09-08 21:05:21,584 E 1313285 1313285] logging.cc:361:     @ ... and at least 5 more frames
[2026-09-08 21:05:21,585 E 1313284 1313284] logging.cc:361:     @     0x61b0cc462840  (unknown)  (unknown)

✨ All DP scenarios for P2 completed.

################################################################################
RUNNING MAIN FUNCTION ITERATION 5
################################################################################

Checking for existing dataset splits at:
 - dataset/half/p1.parquet
 - dataset/half/p2.parquet
Dataset splits already exist. Skipping splitting.

################################################################################
🚀 START EXPERIMENT: P1-P2 (BASELINE)🚀
################################################################################


--- Starting Lightning Local Baseline (Subdir: ) ---
🚀 [PID:1334390] Starting training for M2...
Exception ignored in atexit callback: <function dump_compile_times at 0x7d294ff09240>
🚀 [PID:1334389] Starting training for M1...
Traceback (most recent call last):
  File "/home/crysys/miniconda3/envs/flower-fl-traffic/lib/python3.10/site-packages/torch/_dynamo/utils.py", line 910, in dump_compile_times
    log.info(compile_times(repr="str", aggregate=True))
  File "/home/crysys/miniconda3/envs/flower-fl-traffic/lib/python3.10/site-packages/torch/_dynamo/utils.py", line 896, in compile_times
    out += tabulate(rows, headers=("Function", "Runtimes (s)"))
  File "/home/crysys/miniconda3/envs/flower-fl-traffic/lib/python3.10/site-packages/torch/_dynamo/utils.py", line 244, in tabulate
    import tabulate
  File "<frozen importlib._bootstrap>", line 1027, in _find_and_load
  File "<frozen importlib._bootstrap>", line 1002, in _find_and_load_unlocked
  File "<frozen importlib._bootstrap>", line 945, in _find_spec
  File "<frozen importlib._bootstrap_external>", line 1439, in find_spec
  File "<frozen importlib._bootstrap_external>", line 1411, in _get_spec
  File "<frozen importlib._bootstrap_external>", line 1548, in find_spec
  File "<frozen importlib._bootstrap_external>", line 1615, in _fill_cache
  File "/home/crysys/miniconda3/envs/flower-fl-traffic/lib/python3.10/site-packages/ray/_private/worker.py", line 1723, in sigterm_handler
    sys.exit(signum)
SystemExit: 15
✅ Baseline experiment completed. Data saved to: results/half/1_local_baseline/4.json

################################################################################
🚀 START EXPERIMENT: P11-P12 (BASELINE)🚀
################################################################################


--- Starting Lightning Local Baseline (Subdir: P1) ---
🚀 [PID:1334414] Starting training for M2...
🚀 [PID:1334413] Starting training for M1...
Exception ignored in atexit callback: <bound method finalize._exitfunc of <class 'weakref.finalize'>>
Traceback (most recent call last):
  File "/home/crysys/miniconda3/envs/flower-fl-traffic/lib/python3.10/weakref.py", line 667, in _exitfunc
Exception ignored in atexit callback: <function dump_compile_times at 0x7236167e1240>
Traceback (most recent call last):
  File "/home/crysys/miniconda3/envs/flower-fl-traffic/lib/python3.10/site-packages/torch/_dynamo/utils.py", line 910, in dump_compile_times
    f()
  File "/home/crysys/miniconda3/envs/flower-fl-traffic/lib/python3.10/weakref.py", line 591, in __call__
    return info.func(*info.args, **(info.kwargs or {}))
  File "/home/crysys/miniconda3/envs/flower-fl-traffic/lib/python3.10/site-packages/torch/library.py", line 479, in _del_library
    m.reset()
  File "/home/crysys/miniconda3/envs/flower-fl-traffic/lib/python3.10/site-packages/ray/_private/worker.py", line 1723, in sigterm_handler
    sys.exit(signum)
SystemExit: 15
    log.info(compile_times(repr="str", aggregate=True))
  File "/home/crysys/miniconda3/envs/flower-fl-traffic/lib/python3.10/site-packages/torch/_dynamo/utils.py", line 896, in compile_times
    out += tabulate(rows, headers=("Function", "Runtimes (s)"))
  File "/home/crysys/miniconda3/envs/flower-fl-traffic/lib/python3.10/site-packages/torch/_dynamo/utils.py", line 244, in tabulate
    import tabulate
  File "<frozen importlib._bootstrap>", line 1027, in _find_and_load
  File "<frozen importlib._bootstrap>", line 1002, in _find_and_load_unlocked
  File "<frozen importlib._bootstrap>", line 945, in _find_spec
  File "<frozen importlib._bootstrap_external>", line 1439, in find_spec
  File "<frozen importlib._bootstrap_external>", line 1411, in _get_spec
  File "<frozen importlib._bootstrap_external>", line 1576, in find_spec
  File "/home/crysys/miniconda3/envs/flower-fl-traffic/lib/python3.10/site-packages/ray/_private/worker.py", line 1723, in sigterm_handler
    sys.exit(signum)
SystemExit: 15
✅ Baseline experiment completed. Data saved to: results/half/1_local_baseline/P1/4.json

################################################################################
🚀 START EXPERIMENT: P21-P22 (BASELINE)🚀
################################################################################


--- Starting Lightning Local Baseline (Subdir: P2) ---
🚀 [PID:1334436] Starting training for M2...
🚀 [PID:1334435] Starting training for M1...
Exception ignored in atexit callback: <bound method finalize._exitfunc of <class 'weakref.finalize'>>
Traceback (most recent call last):
  File "/home/crysys/miniconda3/envs/flower-fl-traffic/lib/python3.10/weakref.py", line 657, in _exitfunc
Exception ignored in atexit callback: <function dump_compile_times at 0x78147bf65240>
Traceback (most recent call last):
    pending = cls._select_for_exit()
  File "/home/crysys/miniconda3/envs/flower-fl-traffic/lib/python3.10/weakref.py", line 639, in _select_for_exit
  File "/home/crysys/miniconda3/envs/flower-fl-traffic/lib/python3.10/site-packages/torch/_dynamo/utils.py", line 910, in dump_compile_times
    L.sort(key=lambda item:item[1].index)
  File "/home/crysys/miniconda3/envs/flower-fl-traffic/lib/python3.10/weakref.py", line 639, in <lambda>
    L.sort(key=lambda item:item[1].index)
  File "/home/crysys/miniconda3/envs/flower-fl-traffic/lib/python3.10/site-packages/ray/_private/worker.py", line 1723, in sigterm_handler
    sys.exit(signum)
SystemExit: 15
    log.info(compile_times(repr="str", aggregate=True))
  File "/home/crysys/miniconda3/envs/flower-fl-traffic/lib/python3.10/site-packages/torch/_dynamo/utils.py", line 896, in compile_times
    out += tabulate(rows, headers=("Function", "Runtimes (s)"))
  File "/home/crysys/miniconda3/envs/flower-fl-traffic/lib/python3.10/site-packages/torch/_dynamo/utils.py", line 244, in tabulate
    import tabulate
  File "<frozen importlib._bootstrap>", line 1027, in _find_and_load
  File "<frozen importlib._bootstrap>", line 1002, in _find_and_load_unlocked
  File "<frozen importlib._bootstrap>", line 945, in _find_spec
  File "<frozen importlib._bootstrap_external>", line 1439, in find_spec
  File "<frozen importlib._bootstrap_external>", line 1411, in _get_spec
  File "<frozen importlib._bootstrap_external>", line 1548, in find_spec
  File "<frozen importlib._bootstrap_external>", line 1591, in _fill_cache
  File "/home/crysys/miniconda3/envs/flower-fl-traffic/lib/python3.10/site-packages/ray/_private/worker.py", line 1723, in sigterm_handler
    sys.exit(signum)
SystemExit: 15
✅ Baseline experiment completed. Data saved to: results/half/1_local_baseline/P2/4.json

################################################################################
START EXPERIMENT: P1-P2 (DP)🚀
################################################################################


############################################################
🔥 Starting Parallel Runner | Mode: DP | Processes: 4
############################################################


🚀 Starting Parallel Simulation (DP) | Client1: 0.05 | Client2: 0.05
✅ Scenario Finished | C1: 0.05, C2: 0.05 | Acc: 97.58%, 97.66%

🚀 Starting Parallel Simulation (DP) | Client1: 0.05 | Client2: 0.1
✅ Scenario Finished | C1: 0.05, C2: 0.1 | Acc: 96.06%, 95.99%

🚀 Starting Parallel Simulation (DP) | Client1: 0.05 | Client2: 0.15
✅ Scenario Finished | C1: 0.05, C2: 0.15 | Acc: 95.73%, 95.83%

🚀 Starting Parallel Simulation (DP) | Client1: 0.05 | Client2: 0.2
✅ Scenario Finished | C1: 0.05, C2: 0.2 | Acc: 97.12%, 97.06%

🚀 Starting Parallel Simulation (DP) | Client1: 0.2 | Client2: 0.0
✅ Scenario Finished | C1: 0.2, C2: 0.0 | Acc: 97.21%, 97.31%

🚀 Starting Parallel Simulation (DP) | Client1: 0.2 | Client2: 0.05
✅ Scenario Finished | C1: 0.2, C2: 0.05 | Acc: 96.97%, 96.84%

🚀 Starting Parallel Simulation (DP) | Client1: 0.2 | Client2: 0.1
✅ Scenario Finished | C1: 0.2, C2: 0.1 | Acc: 96.70%, 96.56%

🚀 Starting Parallel Simulation (DP) | Client1: 0.2 | Client2: 0.15
✅ Scenario Finished | C1: 0.2, C2: 0.15 | Acc: 97.39%, 97.30%

🚀 Starting Parallel Simulation (DP) | Client1: 0.25 | Client2: 0.25
✅ Scenario Finished | C1: 0.25, C2: 0.25 | Acc: 96.62%, 96.71%

🚀 Starting Parallel Simulation (DP) | Client1: 0.25 | Client2: 0.3
✅ Scenario Finished | C1: 0.25, C2: 0.3 | Acc: 96.59%, 96.66%

🚀 Starting Parallel Simulation (DP) | Client1: 0.3 | Client2: 0.0
✅ Scenario Finished | C1: 0.3, C2: 0.0 | Acc: 97.25%, 97.24%

🚀 Starting Parallel Simulation (DP) | Client1: 0.3 | Client2: 0.05
✅ Scenario Finished | C1: 0.3, C2: 0.05 | Acc: 97.16%, 97.23%
*** SIGTERM received at time=1788918991 on cpu 8 ***
*** SIGTERM received at time=1788918991 on cpu 14 ***
*** SIGTERM received at time=1788918991 on cpu 7 ***
*** SIGTERM received at time=1788918991 on cpu 5 ***
PC: @     0x76f0b0b25e7b  (unknown)  munmap
    @     0x76f0b0a45330  (unknown)  (unknown)
PC: @     0x5955faed8003  (unknown)  _PyObject_LookupSpecial
    @     0x7a7257c45330  1201367840  (unknown)
PC: @     0x71c4e98ab8e6  (unknown)  (unknown)
PC: @     0x7cb0d0c98e51  (unknown)  (unknown)
    @     0x71c4e9845330  628548288  (unknown)
    @     0x7cb0d0c45330  (unknown)  (unknown)
    @     0x71c4e98ad7f4         64  __libc_malloc
    @     0x7cb0d0ca5098         96  (unknown)
    @     0x646020bda32c  (unknown)  PyThread_acquire_lock_timed
    @ ... and at least 1 more frames
    @     0x59561caf6c70  (unknown)  (unknown)
[2026-09-09 01:56:31,644 E 1334469 1334469] logging.cc:361: *** SIGTERM received at time=1788918991 on cpu 7 ***
    @     0x61be03cfa9d8  (unknown)  PyObject_Malloc
[2026-09-09 01:56:31,644 E 1334466 1334466] logging.cc:361: *** SIGTERM received at time=1788918991 on cpu 8 ***
[2026-09-09 01:56:31,644 E 1334466 1334466] logging.cc:361: PC: @     0x5955faed8003  (unknown)  _PyObject_LookupSpecial
[2026-09-09 01:56:31,644 E 1334469 1334469] logging.cc:361: PC: @     0x7cb0d0c98e51  (unknown)  (unknown)
[2026-09-09 01:56:31,644 E 1334469 1334469] logging.cc:361:     @     0x7cb0d0c45330  (unknown)  (unknown)
[2026-09-09 01:56:31,645 E 1334469 1334469] logging.cc:361:     @     0x7cb0d0ca5098         96  (unknown)
[2026-09-09 01:56:31,645 E 1334469 1334469] logging.cc:361:     @     0x646020bda32c  (unknown)  PyThread_acquire_lock_timed
[2026-09-09 01:56:31,645 E 1334469 1334469] logging.cc:361:     @ ... and at least 1 more frames
[2026-09-09 01:56:31,647 E 1334466 1334466] logging.cc:361:     @     0x7a7257c45330  1201367840  (unknown)
    @     0x61be03f69d80  (unknown)  (unknown)
[2026-09-09 01:56:31,650 E 1334468 1334468] logging.cc:361: *** SIGTERM received at time=1788918991 on cpu 14 ***
[2026-09-09 01:56:31,650 E 1334466 1334466] logging.cc:361:     @     0x59561caf6c70  (unknown)  (unknown)
    @     0x76f097e665c7  (unknown)  at::MapAllocator::~MapAllocator()
    @ ... and at least 5 more frames
[2026-09-09 01:56:31,653 E 1334467 1334467] logging.cc:361: *** SIGTERM received at time=1788918991 on cpu 5 ***
[2026-09-09 01:56:31,653 E 1334467 1334467] logging.cc:361: PC: @     0x76f0b0b25e7b  (unknown)  munmap
[2026-09-09 01:56:31,654 E 1334467 1334467] logging.cc:361:     @     0x76f0b0a45330  (unknown)  (unknown)
[2026-09-09 01:56:31,654 E 1334467 1334467] logging.cc:361:     @     0x76f097e665c7  (unknown)  at::MapAllocator::~MapAllocator()
[2026-09-09 01:56:31,654 E 1334467 1334467] logging.cc:361:     @ ... and at least 5 more frames
[2026-09-09 01:56:31,656 E 1334468 1334468] logging.cc:361: PC: @     0x71c4e98ab8e6  (unknown)  (unknown)
[2026-09-09 01:56:31,656 E 1334468 1334468] logging.cc:361:     @     0x71c4e9845330  628548288  (unknown)
[2026-09-09 01:56:31,656 E 1334468 1334468] logging.cc:361:     @     0x71c4e98ad7f4         64  __libc_malloc
[2026-09-09 01:56:31,656 E 1334468 1334468] logging.cc:361:     @     0x61be03cfa9d8  (unknown)  PyObject_Malloc
[2026-09-09 01:56:31,660 E 1334468 1334468] logging.cc:361:     @     0x61be03f69d80  (unknown)  (unknown)

✨ All DP scenarios for  completed.

################################################################################
START EXPERIMENT: P11-P12 (DP)🚀
################################################################################


############################################################
🔥 Starting Parallel Runner | Mode: DP | Processes: 4
############################################################


🚀 Starting Parallel Simulation (DP) | Client1: 0.05 | Client2: 0.25
✅ Scenario Finished | C1: 0.05, C2: 0.25 | Acc: 94.59%, 94.64%

🚀 Starting Parallel Simulation (DP) | Client1: 0.05 | Client2: 0.3
✅ Scenario Finished | C1: 0.05, C2: 0.3 | Acc: 95.12%, 95.08%

🚀 Starting Parallel Simulation (DP) | Client1: 0.1 | Client2: 0.0
✅ Scenario Finished | C1: 0.1, C2: 0.0 | Acc: 97.00%, 96.99%

🚀 Starting Parallel Simulation (DP) | Client1: 0.1 | Client2: 0.05
✅ Scenario Finished | C1: 0.1, C2: 0.05 | Acc: 95.24%, 95.14%

🚀 Starting Parallel Simulation (DP) | Client1: 0.1 | Client2: 0.3
✅ Scenario Finished | C1: 0.1, C2: 0.3 | Acc: 94.63%, 94.65%

🚀 Starting Parallel Simulation (DP) | Client1: 0.15 | Client2: 0.0
✅ Scenario Finished | C1: 0.15, C2: 0.0 | Acc: 96.56%, 96.63%

🚀 Starting Parallel Simulation (DP) | Client1: 0.15 | Client2: 0.05
✅ Scenario Finished | C1: 0.15, C2: 0.05 | Acc: 94.89%, 94.91%

🚀 Starting Parallel Simulation (DP) | Client1: 0.15 | Client2: 0.1
✅ Scenario Finished | C1: 0.15, C2: 0.1 | Acc: 94.86%, 94.79%

🚀 Starting Parallel Simulation (DP) | Client1: 0.25 | Client2: 0.25
✅ Scenario Finished | C1: 0.25, C2: 0.25 | Acc: 94.67%, 94.69%

🚀 Starting Parallel Simulation (DP) | Client1: 0.25 | Client2: 0.3
✅ Scenario Finished | C1: 0.25, C2: 0.3 | Acc: 94.96%, 94.92%

🚀 Starting Parallel Simulation (DP) | Client1: 0.3 | Client2: 0.0
✅ Scenario Finished | C1: 0.3, C2: 0.0 | Acc: 95.71%, 95.68%

🚀 Starting Parallel Simulation (DP) | Client1: 0.3 | Client2: 0.05
✅ Scenario Finished | C1: 0.3, C2: 0.05 | Acc: 95.17%, 95.15%

🚀 Starting Parallel Simulation (DP) | Client1: 0.0 | Client2: 0.2
✅ Scenario Finished | C1: 0.0, C2: 0.2 | Acc: 95.41%, 95.39%

🚀 Starting Parallel Simulation (DP) | Client1: 0.0 | Client2: 0.25
✅ Scenario Finished | C1: 0.0, C2: 0.25 | Acc: 94.53%, 94.51%

🚀 Starting Parallel Simulation (DP) | Client1: 0.0 | Client2: 0.3
✅ Scenario Finished | C1: 0.0, C2: 0.3 | Acc: 95.76%, 95.89%

🚀 Starting Parallel Simulation (DP) | Client1: 0.05 | Client2: 0.0
✅ Scenario Finished | C1: 0.05, C2: 0.0 | Acc: 95.50%, 95.59%

🚀 Starting Parallel Simulation (DP) | Client1: 0.15 | Client2: 0.15
✅ Scenario Finished | C1: 0.15, C2: 0.15 | Acc: 95.25%, 95.25%

🚀 Starting Parallel Simulation (DP) | Client1: 0.15 | Client2: 0.2
✅ Scenario Finished | C1: 0.15, C2: 0.2 | Acc: 94.96%, 94.83%

🚀 Starting Parallel Simulation (DP) | Client1: 0.15 | Client2: 0.25
✅ Scenario Finished | C1: 0.15, C2: 0.25 | Acc: 94.73%, 94.72%

🚀 Starting Parallel Simulation (DP) | Client1: 0.15 | Client2: 0.3
✅ Scenario Finished | C1: 0.15, C2: 0.3 | Acc: 94.94%, 94.92%

🚀 Starting Parallel Simulation (DP) | Client1: 0.3 | Client2: 0.1
✅ Scenario Finished | C1: 0.3, C2: 0.1 | Acc: 94.71%, 94.78%

🚀 Starting Parallel Simulation (DP) | Client1: 0.3 | Client2: 0.15
✅ Scenario Finished | C1: 0.3, C2: 0.15 | Acc: 94.69%, 94.71%

🚀 Starting Parallel Simulation (DP) | Client1: 0.3 | Client2: 0.2
✅ Scenario Finished | C1: 0.3, C2: 0.2 | Acc: 94.84%, 94.79%

🚀 Starting Parallel Simulation (DP) | Client1: 0.3 | Client2: 0.25
✅ Scenario Finished | C1: 0.3, C2: 0.25 | Acc: 94.73%, 94.79%
*** SIGTERM received at time=1788927533 on cpu 4 ***
*** SIGTERM received at time=1788927533 on cpu 5 ***
*** SIGTERM received at time=1788927533 on cpu 13 ***
*** SIGTERM received at time=1788927533 on cpu 11 ***
PC: @     0x7b6b51298e51  (unknown)  (unknown)
    @     0x7b6b51245330  (unknown)  (unknown)
    @     0x7b6b512a5098         96  (unknown)
    @     0x7b6b5148f56f  (unknown)  _multiprocessing_SemLock_acquire_impl
    @     0x58b3ae3c8700  (unknown)  (unknown)
[2026-09-09 04:18:53,030 E 1358986 1358986] logging.cc:361: *** SIGTERM received at time=1788927533 on cpu 4 ***
PC: @     0x57596b401f28  (unknown)  _PyObject_GenericGetAttrWithDict
    @     0x7d414b445330  694994400  (unknown)
PC: @     0x70cd12e98e51  (unknown)  (unknown)
    @     0x70cd12e45330  (unknown)  (unknown)
    @     0x70cd12ea5098         96  (unknown)
[2026-09-09 04:18:53,033 E 1358986 1358986] logging.cc:361: PC: @     0x7b6b51298e51  (unknown)  (unknown)
[2026-09-09 04:18:53,034 E 1358986 1358986] logging.cc:361:     @     0x7b6b51245330  (unknown)  (unknown)
[2026-09-09 04:18:53,034 E 1358986 1358986] logging.cc:361:     @     0x7b6b512a5098         96  (unknown)
[2026-09-09 04:18:53,034 E 1358986 1358986] logging.cc:361:     @     0x7b6b5148f56f  (unknown)  _multiprocessing_SemLock_acquire_impl
PC: @     0x62143fd99fd9  (unknown)  PyErr_GivenExceptionMatches
    @     0x7c58bc045330  1140441824  (unknown)
    @     0x5ec09605432c  (unknown)  PyThread_acquire_lock_timed
    @ ... and at least 1 more frames
[2026-09-09 04:18:53,034 E 1358988 1358988] logging.cc:361: *** SIGTERM received at time=1788927533 on cpu 11 ***
[2026-09-09 04:18:53,034 E 1358988 1358988] logging.cc:361: PC: @     0x70cd12e98e51  (unknown)  (unknown)
[2026-09-09 04:18:53,034 E 1358988 1358988] logging.cc:361:     @     0x70cd12e45330  (unknown)  (unknown)
[2026-09-09 04:18:53,035 E 1358988 1358988] logging.cc:361:     @     0x70cd12ea5098         96  (unknown)
[2026-09-09 04:18:53,035 E 1358988 1358988] logging.cc:361:     @     0x5ec09605432c  (unknown)  PyThread_acquire_lock_timed
[2026-09-09 04:18:53,035 E 1358988 1358988] logging.cc:361:     @ ... and at least 1 more frames
    @     0x575991f57240  (unknown)  (unknown)
[2026-09-09 04:18:53,036 E 1358987 1358987] logging.cc:361: *** SIGTERM received at time=1788927533 on cpu 5 ***
[2026-09-09 04:18:53,036 E 1358987 1358987] logging.cc:361: PC: @     0x57596b401f28  (unknown)  _PyObject_GenericGetAttrWithDict
[2026-09-09 04:18:53,037 E 1358986 1358986] logging.cc:361:     @     0x58b3ae3c8700  (unknown)  (unknown)
    @     0x62143ffb6840  (unknown)  (unknown)
[2026-09-09 04:18:53,038 E 1358989 1358989] logging.cc:361: *** SIGTERM received at time=1788927533 on cpu 13 ***
[2026-09-09 04:18:53,038 E 1358989 1358989] logging.cc:361: PC: @     0x62143fd99fd9  (unknown)  PyErr_GivenExceptionMatches
[2026-09-09 04:18:53,039 E 1358987 1358987] logging.cc:361:     @     0x7d414b445330  694994400  (unknown)
[2026-09-09 04:18:53,042 E 1358989 1358989] logging.cc:361:     @     0x7c58bc045330  1140441824  (unknown)
[2026-09-09 04:18:53,047 E 1358989 1358989] logging.cc:361:     @     0x62143ffb6840  (unknown)  (unknown)
[2026-09-09 04:18:53,049 E 1358987 1358987] logging.cc:361:     @     0x575991f57240  (unknown)  (unknown)

✨ All DP scenarios for P1 completed.

################################################################################
START EXPERIMENT: P21-P22 (DP)🚀
################################################################################


############################################################
🔥 Starting Parallel Runner | Mode: DP | Processes: 4
############################################################


🚀 Starting Parallel Simulation (DP) | Client1: 0.0 | Client2: 0.2
✅ Scenario Finished | C1: 0.0, C2: 0.2 | Acc: 95.50%, 95.26%

🚀 Starting Parallel Simulation (DP) | Client1: 0.0 | Client2: 0.25
✅ Scenario Finished | C1: 0.0, C2: 0.25 | Acc: 95.24%, 95.14%

🚀 Starting Parallel Simulation (DP) | Client1: 0.0 | Client2: 0.3
✅ Scenario Finished | C1: 0.0, C2: 0.3 | Acc: 96.86%, 96.99%

🚀 Starting Parallel Simulation (DP) | Client1: 0.05 | Client2: 0.0
✅ Scenario Finished | C1: 0.05, C2: 0.0 | Acc: 96.83%, 96.77%

🚀 Starting Parallel Simulation (DP) | Client1: 0.1 | Client2: 0.3
✅ Scenario Finished | C1: 0.1, C2: 0.3 | Acc: 95.24%, 95.14%

🚀 Starting Parallel Simulation (DP) | Client1: 0.15 | Client2: 0.0
✅ Scenario Finished | C1: 0.15, C2: 0.0 | Acc: 96.44%, 96.37%

🚀 Starting Parallel Simulation (DP) | Client1: 0.15 | Client2: 0.05
✅ Scenario Finished | C1: 0.15, C2: 0.05 | Acc: 95.63%, 95.57%

🚀 Starting Parallel Simulation (DP) | Client1: 0.15 | Client2: 0.1
✅ Scenario Finished | C1: 0.15, C2: 0.1 | Acc: 96.05%, 96.01%

🚀 Starting Parallel Simulation (DP) | Client1: 0.25 | Client2: 0.05
✅ Scenario Finished | C1: 0.25, C2: 0.05 | Acc: 94.92%, 95.01%

🚀 Starting Parallel Simulation (DP) | Client1: 0.25 | Client2: 0.1
✅ Scenario Finished | C1: 0.25, C2: 0.1 | Acc: 95.20%, 95.24%

🚀 Starting Parallel Simulation (DP) | Client1: 0.25 | Client2: 0.15
✅ Scenario Finished | C1: 0.25, C2: 0.15 | Acc: 96.25%, 96.23%

🚀 Starting Parallel Simulation (DP) | Client1: 0.25 | Client2: 0.2
✅ Scenario Finished | C1: 0.25, C2: 0.2 | Acc: 95.15%, 95.27%

🚀 Starting Parallel Simulation (DP) | Client1: 0.05 | Client2: 0.25
✅ Scenario Finished | C1: 0.05, C2: 0.25 | Acc: 96.51%, 96.43%

🚀 Starting Parallel Simulation (DP) | Client1: 0.05 | Client2: 0.3
✅ Scenario Finished | C1: 0.05, C2: 0.3 | Acc: 96.84%, 96.75%

🚀 Starting Parallel Simulation (DP) | Client1: 0.1 | Client2: 0.0
✅ Scenario Finished | C1: 0.1, C2: 0.0 | Acc: 95.59%, 95.69%

🚀 Starting Parallel Simulation (DP) | Client1: 0.1 | Client2: 0.05
✅ Scenario Finished | C1: 0.1, C2: 0.05 | Acc: 96.59%, 96.56%

🚀 Starting Parallel Simulation (DP) | Client1: 0.15 | Client2: 0.15
✅ Scenario Finished | C1: 0.15, C2: 0.15 | Acc: 95.19%, 95.31%

🚀 Starting Parallel Simulation (DP) | Client1: 0.15 | Client2: 0.2
✅ Scenario Finished | C1: 0.15, C2: 0.2 | Acc: 94.99%, 95.10%

🚀 Starting Parallel Simulation (DP) | Client1: 0.15 | Client2: 0.25
✅ Scenario Finished | C1: 0.15, C2: 0.25 | Acc: 94.89%, 95.04%

🚀 Starting Parallel Simulation (DP) | Client1: 0.15 | Client2: 0.3
✅ Scenario Finished | C1: 0.15, C2: 0.3 | Acc: 96.11%, 96.24%

🚀 Starting Parallel Simulation (DP) | Client1: 0.3 | Client2: 0.1
✅ Scenario Finished | C1: 0.3, C2: 0.1 | Acc: 94.19%, 94.39%

🚀 Starting Parallel Simulation (DP) | Client1: 0.3 | Client2: 0.15
✅ Scenario Finished | C1: 0.3, C2: 0.15 | Acc: 96.29%, 96.43%

🚀 Starting Parallel Simulation (DP) | Client1: 0.3 | Client2: 0.2
✅ Scenario Finished | C1: 0.3, C2: 0.2 | Acc: 94.75%, 94.89%

🚀 Starting Parallel Simulation (DP) | Client1: 0.3 | Client2: 0.25
✅ Scenario Finished | C1: 0.3, C2: 0.25 | Acc: 94.75%, 94.83%

🚀 Starting Parallel Simulation (DP) | Client1: 0.05 | Client2: 0.05
✅ Scenario Finished | C1: 0.05, C2: 0.05 | Acc: 96.75%, 96.78%

🚀 Starting Parallel Simulation (DP) | Client1: 0.05 | Client2: 0.1
✅ Scenario Finished | C1: 0.05, C2: 0.1 | Acc: 95.52%, 95.59%

🚀 Starting Parallel Simulation (DP) | Client1: 0.05 | Client2: 0.15
✅ Scenario Finished | C1: 0.05, C2: 0.15 | Acc: 95.87%, 95.78%

🚀 Starting Parallel Simulation (DP) | Client1: 0.05 | Client2: 0.2
✅ Scenario Finished | C1: 0.05, C2: 0.2 | Acc: 96.93%, 97.03%

🚀 Starting Parallel Simulation (DP) | Client1: 0.2 | Client2: 0.0
✅ Scenario Finished | C1: 0.2, C2: 0.0 | Acc: 95.11%, 94.93%

🚀 Starting Parallel Simulation (DP) | Client1: 0.2 | Client2: 0.05
✅ Scenario Finished | C1: 0.2, C2: 0.05 | Acc: 94.89%, 94.84%

🚀 Starting Parallel Simulation (DP) | Client1: 0.2 | Client2: 0.1
✅ Scenario Finished | C1: 0.2, C2: 0.1 | Acc: 94.89%, 94.77%

🚀 Starting Parallel Simulation (DP) | Client1: 0.2 | Client2: 0.15
✅ Scenario Finished | C1: 0.2, C2: 0.15 | Acc: 95.43%, 95.29%

🚀 Starting Parallel Simulation (DP) | Client1: 0.25 | Client2: 0.25
✅ Scenario Finished | C1: 0.25, C2: 0.25 | Acc: 94.54%, 94.48%

🚀 Starting Parallel Simulation (DP) | Client1: 0.25 | Client2: 0.3
✅ Scenario Finished | C1: 0.25, C2: 0.3 | Acc: 93.85%, 93.92%

🚀 Starting Parallel Simulation (DP) | Client1: 0.3 | Client2: 0.0
✅ Scenario Finished | C1: 0.3, C2: 0.0 | Acc: 95.60%, 95.69%

🚀 Starting Parallel Simulation (DP) | Client1: 0.3 | Client2: 0.05
✅ Scenario Finished | C1: 0.3, C2: 0.05 | Acc: 96.17%, 96.12%
*** SIGTERM received at time=1788936021 on cpu 1 ***
*** SIGTERM received at time=1788936021 on cpu 3 ***
*** SIGTERM received at time=1788936021 on cpu 15 ***
*** SIGTERM received at time=1788936021 on cpu 12 ***
PC: @     0x5bc9e5c628f9  (unknown)  _PyEval_MakeFrameVector
    @     0x7669cc845330  1105258208  (unknown)
PC: @     0x784f5a4a512f  (unknown)  sem_trywait
    @     0x784f5a445330  (unknown)  (unknown)
    @ ... and at least 1 more frames
[2026-09-09 06:40:21,557 E 1380103 1380103] logging.cc:361: *** SIGTERM received at time=1788936021 on cpu 15 ***
PC: @     0x7a1ca4125e7b  (unknown)  munmap
[2026-09-09 06:40:21,557 E 1380103 1380103] logging.cc:361: PC: @     0x784f5a4a512f  (unknown)  sem_trywait
    @     0x7a1ca4045330  (unknown)  (unknown)
[2026-09-09 06:40:21,557 E 1380103 1380103] logging.cc:361:     @     0x784f5a445330  (unknown)  (unknown)
[2026-09-09 06:40:21,557 E 1380103 1380103] logging.cc:361:     @ ... and at least 1 more frames
    @     0x5bc9e5e9c940  (unknown)  (unknown)
[2026-09-09 06:40:21,559 E 1380105 1380105] logging.cc:361: *** SIGTERM received at time=1788936021 on cpu 3 ***
[2026-09-09 06:40:21,559 E 1380105 1380105] logging.cc:361: PC: @     0x5bc9e5c628f9  (unknown)  _PyEval_MakeFrameVector
PC: @     0x5a9ecf63ce99  (unknown)  _PyObject_GenericGetAttrWithDict
    @     0x747986e45330  1361559008  (unknown)
[2026-09-09 06:40:21,565 E 1380105 1380105] logging.cc:361:     @     0x7669cc845330  1105258208  (unknown)
    @     0x5a9ecf86b240  (unknown)  (unknown)
[2026-09-09 06:40:21,566 E 1380104 1380104] logging.cc:361: *** SIGTERM received at time=1788936021 on cpu 1 ***
[2026-09-09 06:40:21,566 E 1380104 1380104] logging.cc:361: PC: @     0x5a9ecf63ce99  (unknown)  _PyObject_GenericGetAttrWithDict
[2026-09-09 06:40:21,570 E 1380105 1380105] logging.cc:361:     @     0x5bc9e5e9c940  (unknown)  (unknown)
[2026-09-09 06:40:21,571 E 1380104 1380104] logging.cc:361:     @     0x747986e45330  1361559008  (unknown)
[2026-09-09 06:40:21,574 E 1380104 1380104] logging.cc:361:     @     0x5a9ecf86b240  (unknown)  (unknown)
    @     0x7a1c8b4665c7  (unknown)  at::MapAllocator::~MapAllocator()
    @ ... and at least 5 more frames
[2026-09-09 06:40:21,577 E 1380106 1380106] logging.cc:361: *** SIGTERM received at time=1788936021 on cpu 12 ***
[2026-09-09 06:40:21,577 E 1380106 1380106] logging.cc:361: PC: @     0x7a1ca4125e7b  (unknown)  munmap
[2026-09-09 06:40:21,577 E 1380106 1380106] logging.cc:361:     @     0x7a1ca4045330  (unknown)  (unknown)
[2026-09-09 06:40:21,577 E 1380106 1380106] logging.cc:361:     @     0x7a1c8b4665c7  (unknown)  at::MapAllocator::~MapAllocator()
[2026-09-09 06:40:21,577 E 1380106 1380106] logging.cc:361:     @ ... and at least 5 more frames

✨ All DP scenarios for P2 completed.

################################################################################
RUNNING MAIN FUNCTION ITERATION 6
################################################################################

Checking for existing dataset splits at:
 - dataset/half/p1.parquet
 - dataset/half/p2.parquet
Dataset splits already exist. Skipping splitting.

################################################################################
🚀 START EXPERIMENT: P1-P2 (BASELINE)🚀
################################################################################


--- Starting Lightning Local Baseline (Subdir: ) ---
🚀 [PID:1401734] Starting training for M1...
🚀 [PID:1401735] Starting training for M2...
Exception ignored in atexit callback: <bound method finalize._exitfunc of <class 'weakref.finalize'>>
Traceback (most recent call last):
  File "/home/crysys/miniconda3/envs/flower-fl-traffic/lib/python3.10/weakref.py", line 667, in _exitfunc
    f()
  File "/home/crysys/miniconda3/envs/flower-fl-traffic/lib/python3.10/weakref.py", line 591, in __call__
    return info.func(*info.args, **(info.kwargs or {}))
  File "/home/crysys/miniconda3/envs/flower-fl-traffic/lib/python3.10/site-packages/torch/library.py", line 479, in _del_library
    m.reset()
  File "/home/crysys/miniconda3/envs/flower-fl-traffic/lib/python3.10/site-packages/ray/_private/worker.py", line 1723, in sigterm_handler
    sys.exit(signum)
SystemExit: 15
Exception ignored in atexit callback: <bound method finalize._exitfunc of <class 'weakref.finalize'>>
Traceback (most recent call last):
  File "/home/crysys/miniconda3/envs/flower-fl-traffic/lib/python3.10/weakref.py", line 667, in _exitfunc
    f()
  File "/home/crysys/miniconda3/envs/flower-fl-traffic/lib/python3.10/weakref.py", line 591, in __call__
    return info.func(*info.args, **(info.kwargs or {}))
  File "/home/crysys/miniconda3/envs/flower-fl-traffic/lib/python3.10/site-packages/torch/library.py", line 479, in _del_library
    m.reset()
  File "/home/crysys/miniconda3/envs/flower-fl-traffic/lib/python3.10/site-packages/ray/_private/worker.py", line 1723, in sigterm_handler
    sys.exit(signum)
SystemExit: 15
✅ Baseline experiment completed. Data saved to: results/half/1_local_baseline/5.json

################################################################################
🚀 START EXPERIMENT: P11-P12 (BASELINE)🚀
################################################################################


--- Starting Lightning Local Baseline (Subdir: P1) ---
🚀 [PID:1401761] Starting training for M2...
🚀 [PID:1401762] Starting training for M1...
Exception ignored in atexit callback: <function dump_compile_times at 0x7d4c7d111240>
Traceback (most recent call last):
  File "/home/crysys/miniconda3/envs/flower-fl-traffic/lib/python3.10/site-packages/torch/_dynamo/utils.py", line 910, in dump_compile_times
Exception ignored in atexit callback: <function _log_traced_frames at 0x7ae7e66b7b50>
Traceback (most recent call last):
  File "/home/crysys/miniconda3/envs/flower-fl-traffic/lib/python3.10/site-packages/torch/_dynamo/eval_frame.py", line 701, in _log_traced_frames
    log.info(compile_times(repr="str", aggregate=True))
  File "/home/crysys/miniconda3/envs/flower-fl-traffic/lib/python3.10/site-packages/torch/_dynamo/utils.py", line 896, in compile_times
    out += tabulate(rows, headers=("Function", "Runtimes (s)"))
  File "/home/crysys/miniconda3/envs/flower-fl-traffic/lib/python3.10/site-packages/torch/_dynamo/utils.py", line 244, in tabulate
    import tabulate
  File "<frozen importlib._bootstrap>", line 1027, in _find_and_load
  File "<frozen importlib._bootstrap>", line 1002, in _find_and_load_unlocked
  File "<frozen importlib._bootstrap>", line 945, in _find_spec
  File "/home/crysys/miniconda3/envs/flower-fl-traffic/lib/python3.10/site-packages/_distutils_hack/__init__.py", line 88, in find_spec
    log.info(msg)
  File "/home/crysys/miniconda3/envs/flower-fl-traffic/lib/python3.10/logging/__init__.py", line 1476, in info
    method_name = 'spec_for_{fullname}'.format(**locals())
  File "/home/crysys/miniconda3/envs/flower-fl-traffic/lib/python3.10/site-packages/ray/_private/worker.py", line 1723, in sigterm_handler
    sys.exit(signum)
SystemExit: 15
    if self.isEnabledFor(INFO):
  File "/home/crysys/miniconda3/envs/flower-fl-traffic/lib/python3.10/logging/__init__.py", line 1732, in isEnabledFor
    return self._cache[level]
  File "/home/crysys/miniconda3/envs/flower-fl-traffic/lib/python3.10/site-packages/ray/_private/worker.py", line 1723, in sigterm_handler
    sys.exit(signum)
SystemExit: 15
✅ Baseline experiment completed. Data saved to: results/half/1_local_baseline/P1/5.json

################################################################################
🚀 START EXPERIMENT: P21-P22 (BASELINE)🚀
################################################################################


--- Starting Lightning Local Baseline (Subdir: P2) ---
🚀 [PID:1401784] Starting training for M1...
🚀 [PID:1401785] Starting training for M2...
Exception ignored in atexit callback: <bound method finalize._exitfunc of <class 'weakref.finalize'>>
Traceback (most recent call last):
  File "/home/crysys/miniconda3/envs/flower-fl-traffic/lib/python3.10/weakref.py", line 657, in _exitfunc
Exception ignored in atexit callback: <function dump_compile_times at 0x70f2c6f01240>
Traceback (most recent call last):
  File "/home/crysys/miniconda3/envs/flower-fl-traffic/lib/python3.10/site-packages/torch/_dynamo/utils.py", line 910, in dump_compile_times
    pending = cls._select_for_exit()
  File "/home/crysys/miniconda3/envs/flower-fl-traffic/lib/python3.10/weakref.py", line 635, in _select_for_exit
    @classmethod
  File "/home/crysys/miniconda3/envs/flower-fl-traffic/lib/python3.10/site-packages/ray/_private/worker.py", line 1723, in sigterm_handler
    sys.exit(signum)
SystemExit: 15
    log.info(compile_times(repr="str", aggregate=True))
  File "/home/crysys/miniconda3/envs/flower-fl-traffic/lib/python3.10/site-packages/torch/_dynamo/utils.py", line 896, in compile_times
    out += tabulate(rows, headers=("Function", "Runtimes (s)"))
  File "/home/crysys/miniconda3/envs/flower-fl-traffic/lib/python3.10/site-packages/torch/_dynamo/utils.py", line 244, in tabulate
    import tabulate
  File "<frozen importlib._bootstrap>", line 1027, in _find_and_load
  File "<frozen importlib._bootstrap>", line 1002, in _find_and_load_unlocked
  File "<frozen importlib._bootstrap>", line 945, in _find_spec
  File "<frozen importlib._bootstrap_external>", line 1439, in find_spec
  File "<frozen importlib._bootstrap_external>", line 1411, in _get_spec
  File "<frozen importlib._bootstrap_external>", line 1544, in find_spec
  File "<frozen importlib._bootstrap_external>", line 147, in _path_stat
  File "/home/crysys/miniconda3/envs/flower-fl-traffic/lib/python3.10/site-packages/ray/_private/worker.py", line 1723, in sigterm_handler
    sys.exit(signum)
SystemExit: 15
✅ Baseline experiment completed. Data saved to: results/half/1_local_baseline/P2/5.json

################################################################################
START EXPERIMENT: P1-P2 (DP)🚀
################################################################################


############################################################
🔥 Starting Parallel Runner | Mode: DP | Processes: 4
############################################################


🚀 Starting Parallel Simulation (DP) | Client1: 0.0 | Client2: 0.2
✅ Scenario Finished | C1: 0.0, C2: 0.2 | Acc: 97.41%, 97.37%

🚀 Starting Parallel Simulation (DP) | Client1: 0.0 | Client2: 0.25
✅ Scenario Finished | C1: 0.0, C2: 0.25 | Acc: 96.98%, 97.03%

🚀 Starting Parallel Simulation (DP) | Client1: 0.0 | Client2: 0.3
✅ Scenario Finished | C1: 0.0, C2: 0.3 | Acc: 97.33%, 97.31%

🚀 Starting Parallel Simulation (DP) | Client1: 0.05 | Client2: 0.0
✅ Scenario Finished | C1: 0.05, C2: 0.0 | Acc: 97.72%, 97.74%

🚀 Starting Parallel Simulation (DP) | Client1: 0.15 | Client2: 0.15
✅ Scenario Finished | C1: 0.15, C2: 0.15 | Acc: 95.77%, 95.79%

🚀 Starting Parallel Simulation (DP) | Client1: 0.15 | Client2: 0.2
✅ Scenario Finished | C1: 0.15, C2: 0.2 | Acc: 95.82%, 95.83%

🚀 Starting Parallel Simulation (DP) | Client1: 0.15 | Client2: 0.25
✅ Scenario Finished | C1: 0.15, C2: 0.25 | Acc: 96.22%, 96.22%

🚀 Starting Parallel Simulation (DP) | Client1: 0.15 | Client2: 0.3
✅ Scenario Finished | C1: 0.15, C2: 0.3 | Acc: 95.29%, 95.33%

🚀 Starting Parallel Simulation (DP) | Client1: 0.25 | Client2: 0.25
✅ Scenario Finished | C1: 0.25, C2: 0.25 | Acc: 96.71%, 96.77%

🚀 Starting Parallel Simulation (DP) | Client1: 0.25 | Client2: 0.3
✅ Scenario Finished | C1: 0.25, C2: 0.3 | Acc: 95.33%, 95.30%

🚀 Starting Parallel Simulation (DP) | Client1: 0.3 | Client2: 0.0
✅ Scenario Finished | C1: 0.3, C2: 0.0 | Acc: 97.17%, 97.14%

🚀 Starting Parallel Simulation (DP) | Client1: 0.3 | Client2: 0.05
✅ Scenario Finished | C1: 0.3, C2: 0.05 | Acc: 97.31%, 97.34%

🚀 Starting Parallel Simulation (DP) | Client1: 0.05 | Client2: 0.25
✅ Scenario Finished | C1: 0.05, C2: 0.25 | Acc: 95.93%, 95.92%

🚀 Starting Parallel Simulation (DP) | Client1: 0.05 | Client2: 0.3
✅ Scenario Finished | C1: 0.05, C2: 0.3 | Acc: 97.09%, 97.13%

🚀 Starting Parallel Simulation (DP) | Client1: 0.1 | Client2: 0.0
✅ Scenario Finished | C1: 0.1, C2: 0.0 | Acc: 97.51%, 97.51%

🚀 Starting Parallel Simulation (DP) | Client1: 0.1 | Client2: 0.05
✅ Scenario Finished | C1: 0.1, C2: 0.05 | Acc: 97.64%, 97.64%

🚀 Starting Parallel Simulation (DP) | Client1: 0.1 | Client2: 0.3
✅ Scenario Finished | C1: 0.1, C2: 0.3 | Acc: 95.66%, 95.68%

🚀 Starting Parallel Simulation (DP) | Client1: 0.15 | Client2: 0.0
✅ Scenario Finished | C1: 0.15, C2: 0.0 | Acc: 97.21%, 97.27%

🚀 Starting Parallel Simulation (DP) | Client1: 0.15 | Client2: 0.05
✅ Scenario Finished | C1: 0.15, C2: 0.05 | Acc: 97.17%, 97.19%

🚀 Starting Parallel Simulation (DP) | Client1: 0.15 | Client2: 0.1
✅ Scenario Finished | C1: 0.15, C2: 0.1 | Acc: 95.74%, 95.82%

🚀 Starting Parallel Simulation (DP) | Client1: 0.25 | Client2: 0.05
✅ Scenario Finished | C1: 0.25, C2: 0.05 | Acc: 96.68%, 96.66%

🚀 Starting Parallel Simulation (DP) | Client1: 0.25 | Client2: 0.1
✅ Scenario Finished | C1: 0.25, C2: 0.1 | Acc: 97.10%, 97.16%

🚀 Starting Parallel Simulation (DP) | Client1: 0.25 | Client2: 0.15
✅ Scenario Finished | C1: 0.25, C2: 0.15 | Acc: 96.56%, 96.56%

🚀 Starting Parallel Simulation (DP) | Client1: 0.25 | Client2: 0.2
✅ Scenario Finished | C1: 0.25, C2: 0.2 | Acc: 97.04%, 97.03%
*** SIGTERM received at time=1788953902 on cpu 10 ***
*** SIGTERM received at time=1788953902 on cpu 9 ***
*** SIGTERM received at time=1788953902 on cpu 3 ***
*** SIGTERM received at time=1788953902 on cpu 6 ***
PC: @     0x7b57aad25e7b  (unknown)  munmap
    @     0x7b57aac45330  (unknown)  (unknown)
PC: @     0x56d54d7a52e0  (unknown)  _PyObject_VectorcallMethodId.lto_priv.0.constprop.0
    @     0x7cfad1645330  1273671648  (unknown)
PC: @     0x70e389298e51  (unknown)  (unknown)
    @     0x70e389245330  (unknown)  (unknown)
    @     0x70e3892a5098         96  (unknown)
PC: @     0x5fc4c2b7bb4b  (unknown)  _PyEval_EvalFrameDefault
    @     0x7e7902e45330  1279628464  (unknown)
    @     0x60432799a32c  (unknown)  PyThread_acquire_lock_timed
    @ ... and at least 1 more frames
[2026-09-09 11:38:22,645 E 1401818 1401818] logging.cc:361: *** SIGTERM received at time=1788953902 on cpu 3 ***
[2026-09-09 11:38:22,646 E 1401818 1401818] logging.cc:361: PC: @     0x70e389298e51  (unknown)  (unknown)
[2026-09-09 11:38:22,646 E 1401818 1401818] logging.cc:361:     @     0x70e389245330  (unknown)  (unknown)
[2026-09-09 11:38:22,646 E 1401818 1401818] logging.cc:361:     @     0x70e3892a5098         96  (unknown)
[2026-09-09 11:38:22,646 E 1401818 1401818] logging.cc:361:     @     0x60432799a32c  (unknown)  PyThread_acquire_lock_timed
[2026-09-09 11:38:22,646 E 1401818 1401818] logging.cc:361:     @ ... and at least 1 more frames
    @     0x56d54d8a8300  (unknown)  (unknown)
[2026-09-09 11:38:22,646 E 1401817 1401817] logging.cc:361: *** SIGTERM received at time=1788953902 on cpu 10 ***
[2026-09-09 11:38:22,646 E 1401817 1401817] logging.cc:361: PC: @     0x56d54d7a52e0  (unknown)  _PyObject_VectorcallMethodId.lto_priv.0.constprop.0
[2026-09-09 11:38:22,650 E 1401817 1401817] logging.cc:361:     @     0x7cfad1645330  1273671648  (unknown)
    @     0x7b57920665c7  (unknown)  at::MapAllocator::~MapAllocator()
    @ ... and at least 5 more frames
[2026-09-09 11:38:22,653 E 1401816 1401816] logging.cc:361: *** SIGTERM received at time=1788953902 on cpu 6 ***
[2026-09-09 11:38:22,653 E 1401816 1401816] logging.cc:361: PC: @     0x7b57aad25e7b  (unknown)  munmap
[2026-09-09 11:38:22,653 E 1401816 1401816] logging.cc:361:     @     0x7b57aac45330  (unknown)  (unknown)
[2026-09-09 11:38:22,653 E 1401816 1401816] logging.cc:361:     @     0x7b57920665c7  (unknown)  at::MapAllocator::~MapAllocator()
[2026-09-09 11:38:22,653 E 1401816 1401816] logging.cc:361:     @ ... and at least 5 more frames
[2026-09-09 11:38:22,654 E 1401817 1401817] logging.cc:361:     @     0x56d54d8a8300  (unknown)  (unknown)
    @     0x5fc4c2db0840  (unknown)  (unknown)
[2026-09-09 11:38:22,657 E 1401819 1401819] logging.cc:361: *** SIGTERM received at time=1788953902 on cpu 9 ***
[2026-09-09 11:38:22,657 E 1401819 1401819] logging.cc:361: PC: @     0x5fc4c2b7bb4b  (unknown)  _PyEval_EvalFrameDefault
[2026-09-09 11:38:22,664 E 1401819 1401819] logging.cc:361:     @     0x7e7902e45330  1279628464  (unknown)
[2026-09-09 11:38:22,668 E 1401819 1401819] logging.cc:361:     @     0x5fc4c2db0840  (unknown)  (unknown)

✨ All DP scenarios for  completed.

################################################################################
START EXPERIMENT: P11-P12 (DP)🚀
################################################################################


############################################################
🔥 Starting Parallel Runner | Mode: DP | Processes: 4
############################################################


🚀 Starting Parallel Simulation (DP) | Client1: 0.0 | Client2: 0.2
✅ Scenario Finished | C1: 0.0, C2: 0.2 | Acc: 95.99%, 95.95%

🚀 Starting Parallel Simulation (DP) | Client1: 0.0 | Client2: 0.25
✅ Scenario Finished | C1: 0.0, C2: 0.25 | Acc: 95.65%, 95.60%

🚀 Starting Parallel Simulation (DP) | Client1: 0.0 | Client2: 0.3
✅ Scenario Finished | C1: 0.0, C2: 0.3 | Acc: 96.52%, 96.42%

🚀 Starting Parallel Simulation (DP) | Client1: 0.05 | Client2: 0.0
✅ Scenario Finished | C1: 0.05, C2: 0.0 | Acc: 95.45%, 95.22%

🚀 Starting Parallel Simulation (DP) | Client1: 0.1 | Client2: 0.3
✅ Scenario Finished | C1: 0.1, C2: 0.3 | Acc: 96.41%, 96.52%

🚀 Starting Parallel Simulation (DP) | Client1: 0.15 | Client2: 0.0
✅ Scenario Finished | C1: 0.15, C2: 0.0 | Acc: 94.37%, 94.56%

🚀 Starting Parallel Simulation (DP) | Client1: 0.15 | Client2: 0.05
✅ Scenario Finished | C1: 0.15, C2: 0.05 | Acc: 95.09%, 94.97%

🚀 Starting Parallel Simulation (DP) | Client1: 0.15 | Client2: 0.1
✅ Scenario Finished | C1: 0.15, C2: 0.1 | Acc: 95.34%, 95.53%

🚀 Starting Parallel Simulation (DP) | Client1: 0.25 | Client2: 0.25
✅ Scenario Finished | C1: 0.25, C2: 0.25 | Acc: 96.51%, 96.44%

🚀 Starting Parallel Simulation (DP) | Client1: 0.25 | Client2: 0.3
✅ Scenario Finished | C1: 0.25, C2: 0.3 | Acc: 94.29%, 94.43%

🚀 Starting Parallel Simulation (DP) | Client1: 0.3 | Client2: 0.0
✅ Scenario Finished | C1: 0.3, C2: 0.0 | Acc: 95.71%, 95.92%

🚀 Starting Parallel Simulation (DP) | Client1: 0.3 | Client2: 0.05
✅ Scenario Finished | C1: 0.3, C2: 0.05 | Acc: 95.50%, 95.36%
*** SIGTERM received at time=1788962347 on cpu 11 ***
*** SIGTERM received at time=1788962347 on cpu 14 ***
*** SIGTERM received at time=1788962347 on cpu 15 ***
*** SIGTERM received at time=1788962347 on cpu 2 ***
PC: @     0x786dcdb25e7b  (unknown)  munmap
    @     0x786dcda45330  (unknown)  (unknown)
PC: @     0x583ea8c998f9  (unknown)  _PyEval_MakeFrameVector
    @     0x75cf82045330  1188611808  (unknown)
PC: @     0x768907c98e51  (unknown)  (unknown)
    @     0x768907c45330  541956352  (unknown)
    @     0x768907ca5098         96  (unknown)
    @     0x583ea8ed3940  (unknown)  (unknown)
[2026-09-09 13:59:07,217 E 1426314 1426314] logging.cc:361: *** SIGTERM received at time=1788962347 on cpu 11 ***
[2026-09-09 13:59:07,217 E 1426314 1426314] logging.cc:361: PC: @     0x583ea8c998f9  (unknown)  _PyEval_MakeFrameVector
PC: @     0x61d62c0fc175  (unknown)  _PyEval_EvalFrameDefault
    @     0x5c14fedba32c  (unknown)  PyThread_acquire_lock_timed
    @ ... and at least 1 more frames
[2026-09-09 13:59:07,217 E 1426313 1426313] logging.cc:361: *** SIGTERM received at time=1788962347 on cpu 14 ***
    @     0x7c54de445330  (unknown)  (unknown)
[2026-09-09 13:59:07,217 E 1426313 1426313] logging.cc:361: PC: @     0x768907c98e51  (unknown)  (unknown)
[2026-09-09 13:59:07,218 E 1426313 1426313] logging.cc:361:     @     0x768907c45330  541956352  (unknown)
[2026-09-09 13:59:07,218 E 1426313 1426313] logging.cc:361:     @     0x768907ca5098         96  (unknown)
[2026-09-09 13:59:07,218 E 1426313 1426313] logging.cc:361:     @     0x5c14fedba32c  (unknown)  PyThread_acquire_lock_timed
[2026-09-09 13:59:07,218 E 1426313 1426313] logging.cc:361:     @ ... and at least 1 more frames
[2026-09-09 13:59:07,220 E 1426314 1426314] logging.cc:361:     @     0x75cf82045330  1188611808  (unknown)
    @     0x786db4e665c7  (unknown)  at::MapAllocator::~MapAllocator()
    @ ... and at least 5 more frames
[2026-09-09 13:59:07,225 E 1426316 1426316] logging.cc:361: *** SIGTERM received at time=1788962347 on cpu 2 ***
[2026-09-09 13:59:07,225 E 1426316 1426316] logging.cc:361: PC: @     0x786dcdb25e7b  (unknown)  munmap
[2026-09-09 13:59:07,225 E 1426316 1426316] logging.cc:361:     @     0x786dcda45330  (unknown)  (unknown)
[2026-09-09 13:59:07,225 E 1426316 1426316] logging.cc:361:     @     0x786db4e665c7  (unknown)  at::MapAllocator::~MapAllocator()
[2026-09-09 13:59:07,225 E 1426316 1426316] logging.cc:361:     @ ... and at least 5 more frames
[2026-09-09 13:59:07,225 E 1426314 1426314] logging.cc:361:     @     0x583ea8ed3940  (unknown)  (unknown)
    @     0x61d62c32c840  (unknown)  (unknown)
[2026-09-09 13:59:07,230 E 1426315 1426315] logging.cc:361: *** SIGTERM received at time=1788962347 on cpu 15 ***
[2026-09-09 13:59:07,230 E 1426315 1426315] logging.cc:361: PC: @     0x61d62c0fc175  (unknown)  _PyEval_EvalFrameDefault
[2026-09-09 13:59:07,235 E 1426315 1426315] logging.cc:361:     @     0x7c54de445330  (unknown)  (unknown)
[2026-09-09 13:59:07,239 E 1426315 1426315] logging.cc:361:     @     0x61d62c32c840  (unknown)  (unknown)

✨ All DP scenarios for P1 completed.

################################################################################
START EXPERIMENT: P21-P22 (DP)🚀
################################################################################


############################################################
🔥 Starting Parallel Runner | Mode: DP | Processes: 4
############################################################


🚀 Starting Parallel Simulation (DP) | Client1: 0.05 | Client2: 0.05
✅ Scenario Finished | C1: 0.05, C2: 0.05 | Acc: 96.66%, 96.74%

🚀 Starting Parallel Simulation (DP) | Client1: 0.05 | Client2: 0.1
✅ Scenario Finished | C1: 0.05, C2: 0.1 | Acc: 96.01%, 95.84%

🚀 Starting Parallel Simulation (DP) | Client1: 0.05 | Client2: 0.15
✅ Scenario Finished | C1: 0.05, C2: 0.15 | Acc: 95.30%, 95.46%

🚀 Starting Parallel Simulation (DP) | Client1: 0.05 | Client2: 0.2
✅ Scenario Finished | C1: 0.05, C2: 0.2 | Acc: 94.82%, 94.92%

🚀 Starting Parallel Simulation (DP) | Client1: 0.2 | Client2: 0.0
✅ Scenario Finished | C1: 0.2, C2: 0.0 | Acc: 94.60%, 94.55%

🚀 Starting Parallel Simulation (DP) | Client1: 0.2 | Client2: 0.05
✅ Scenario Finished | C1: 0.2, C2: 0.05 | Acc: 96.31%, 96.14%

🚀 Starting Parallel Simulation (DP) | Client1: 0.2 | Client2: 0.1
✅ Scenario Finished | C1: 0.2, C2: 0.1 | Acc: 94.90%, 94.84%

🚀 Starting Parallel Simulation (DP) | Client1: 0.2 | Client2: 0.15
✅ Scenario Finished | C1: 0.2, C2: 0.15 | Acc: 95.35%, 95.33%

🚀 Starting Parallel Simulation (DP) | Client1: 0.3 | Client2: 0.1
✅ Scenario Finished | C1: 0.3, C2: 0.1 | Acc: 94.83%, 94.72%

🚀 Starting Parallel Simulation (DP) | Client1: 0.3 | Client2: 0.15
✅ Scenario Finished | C1: 0.3, C2: 0.15 | Acc: 94.80%, 94.88%

🚀 Starting Parallel Simulation (DP) | Client1: 0.3 | Client2: 0.2
✅ Scenario Finished | C1: 0.3, C2: 0.2 | Acc: 94.90%, 95.05%

🚀 Starting Parallel Simulation (DP) | Client1: 0.3 | Client2: 0.25
✅ Scenario Finished | C1: 0.3, C2: 0.25 | Acc: 96.05%, 96.14%
*** SIGTERM received at time=1788970830 on cpu 15 ***
*** SIGTERM received at time=1788970830 on cpu 11 ***
*** SIGTERM received at time=1788970830 on cpu 12 ***
*** SIGTERM received at time=1788970830 on cpu 14 ***
PC: @     0x7e4cde125e7b  (unknown)  munmap
    @     0x7e4cde045330  (unknown)  (unknown)
PC: @     0x7c5176c98e51  (unknown)  (unknown)
PC: @     0x79109deac288  (unknown)  (unknown)
    @     0x7c5176c45330  (unknown)  (unknown)
    @     0x79109de45330  (unknown)  (unknown)
    @     0x7c5176ca5098         96  (unknown)
    @     0x79109dead7f4         64  __libc_malloc
    @     0x59ed64fd69d8  (unknown)  PyObject_Malloc
    @     0x5f1cb1d9a32c  (unknown)  PyThread_acquire_lock_timed
    @ ... and at least 1 more frames
[2026-09-09 16:20:30,325 E 1447523 1447523] logging.cc:361: *** SIGTERM received at time=1788970830 on cpu 12 ***
[2026-09-09 16:20:30,325 E 1447523 1447523] logging.cc:361: PC: @     0x7c5176c98e51  (unknown)  (unknown)
[2026-09-09 16:20:30,325 E 1447523 1447523] logging.cc:361:     @     0x7c5176c45330  (unknown)  (unknown)
[2026-09-09 16:20:30,325 E 1447523 1447523] logging.cc:361:     @     0x7c5176ca5098         96  (unknown)
[2026-09-09 16:20:30,325 E 1447523 1447523] logging.cc:361:     @     0x5f1cb1d9a32c  (unknown)  PyThread_acquire_lock_timed
[2026-09-09 16:20:30,325 E 1447523 1447523] logging.cc:361:     @ ... and at least 1 more frames
PC: @     0x5b578ceeb38f  (unknown)  object_dealloc
    @     0x7c0b1f845330  1493895312  (unknown)
    @     0x7e4cc54665c7  (unknown)  at::MapAllocator::~MapAllocator()
    @ ... and at least 5 more frames
[2026-09-09 16:20:30,333 E 1447524 1447524] logging.cc:361: *** SIGTERM received at time=1788970830 on cpu 14 ***
[2026-09-09 16:20:30,333 E 1447524 1447524] logging.cc:361: PC: @     0x7e4cde125e7b  (unknown)  munmap
[2026-09-09 16:20:30,333 E 1447524 1447524] logging.cc:361:     @     0x7e4cde045330  (unknown)  (unknown)
[2026-09-09 16:20:30,333 E 1447524 1447524] logging.cc:361:     @     0x7e4cc54665c7  (unknown)  at::MapAllocator::~MapAllocator()
[2026-09-09 16:20:30,333 E 1447524 1447524] logging.cc:361:     @ ... and at least 5 more frames
    @     0x5b578d130d80  (unknown)  (unknown)
[2026-09-09 16:20:30,342 E 1447522 1447522] logging.cc:361: *** SIGTERM received at time=1788970830 on cpu 15 ***
[2026-09-09 16:20:30,342 E 1447522 1447522] logging.cc:361: PC: @     0x5b578ceeb38f  (unknown)  object_dealloc
    @     0x59ed65245d80  (unknown)  (unknown)
[2026-09-09 16:20:30,342 E 1447525 1447525] logging.cc:361: *** SIGTERM received at time=1788970830 on cpu 11 ***
[2026-09-09 16:20:30,346 E 1447525 1447525] logging.cc:361: PC: @     0x79109deac288  (unknown)  (unknown)
[2026-09-09 16:20:30,347 E 1447525 1447525] logging.cc:361:     @     0x79109de45330  (unknown)  (unknown)
[2026-09-09 16:20:30,347 E 1447525 1447525] logging.cc:361:     @     0x79109dead7f4         64  __libc_malloc
[2026-09-09 16:20:30,347 E 1447525 1447525] logging.cc:361:     @     0x59ed64fd69d8  (unknown)  PyObject_Malloc
[2026-09-09 16:20:30,351 E 1447522 1447522] logging.cc:361:     @     0x7c0b1f845330  1493895312  (unknown)
[2026-09-09 16:20:30,352 E 1447525 1447525] logging.cc:361:     @     0x59ed65245d80  (unknown)  (unknown)
[2026-09-09 16:20:30,357 E 1447522 1447522] logging.cc:361:     @     0x5b578d130d80  (unknown)  (unknown)

✨ All DP scenarios for P2 completed.

################################################################################
RUNNING MAIN FUNCTION ITERATION 7
################################################################################

Checking for existing dataset splits at:
 - dataset/half/p1.parquet
 - dataset/half/p2.parquet
Dataset splits already exist. Skipping splitting.

################################################################################
🚀 START EXPERIMENT: P1-P2 (BASELINE)🚀
################################################################################


--- Starting Lightning Local Baseline (Subdir: ) ---
🚀 [PID:1468601] Starting training for M2...
🚀 [PID:1468602] Starting training for M1...
Exception ignored in atexit callback: <function _log_traced_frames at 0x73ab61c6bb50>
Traceback (most recent call last):
  File "/home/crysys/miniconda3/envs/flower-fl-traffic/lib/python3.10/site-packages/torch/_dynamo/eval_frame.py", line 701, in _log_traced_frames
    log.info(msg)
  File "/home/crysys/miniconda3/envs/flower-fl-traffic/lib/python3.10/logging/__init__.py", line 1476, in info
    if self.isEnabledFor(INFO):
  File "/home/crysys/miniconda3/envs/flower-fl-traffic/lib/python3.10/logging/__init__.py", line 1740, in isEnabledFor
    level >= self.getEffectiveLevel()
  File "/home/crysys/miniconda3/envs/flower-fl-traffic/lib/python3.10/logging/__init__.py", line 1719, in getEffectiveLevel
    if logger.level:
  File "/home/crysys/miniconda3/envs/flower-fl-traffic/lib/python3.10/site-packages/ray/_private/worker.py", line 1723, in sigterm_handler
    sys.exit(signum)
SystemExit: 15
✅ Baseline experiment completed. Data saved to: results/half/1_local_baseline/6.json

################################################################################
🚀 START EXPERIMENT: P11-P12 (BASELINE)🚀
################################################################################


--- Starting Lightning Local Baseline (Subdir: P1) ---
🚀 [PID:1468630] Starting training for M1...
🚀 [PID:1468631] Starting training for M2...
Exception ignored in atexit callback: <bound method finalize._exitfunc of <class 'weakref.finalize'>>
Exception ignored in atexit callback: <function dump_compile_times at 0x7d31f0d9d240>
Traceback (most recent call last):
Traceback (most recent call last):
  File "/home/crysys/miniconda3/envs/flower-fl-traffic/lib/python3.10/weakref.py", line 657, in _exitfunc
  File "/home/crysys/miniconda3/envs/flower-fl-traffic/lib/python3.10/site-packages/torch/_dynamo/utils.py", line 910, in dump_compile_times
    pending = cls._select_for_exit()
  File "/home/crysys/miniconda3/envs/flower-fl-traffic/lib/python3.10/weakref.py", line 638, in _select_for_exit
    log.info(compile_times(repr="str", aggregate=True))
  File "/home/crysys/miniconda3/envs/flower-fl-traffic/lib/python3.10/site-packages/torch/_dynamo/utils.py", line 896, in compile_times
    L = [(f,i) for (f,i) in cls._registry.items() if i.atexit]
  File "/home/crysys/miniconda3/envs/flower-fl-traffic/lib/python3.10/site-packages/ray/_private/worker.py", line 1723, in sigterm_handler
    out += tabulate(rows, headers=("Function", "Runtimes (s)"))
  File "/home/crysys/miniconda3/envs/flower-fl-traffic/lib/python3.10/site-packages/torch/_dynamo/utils.py", line 249, in tabulate
    ", ".join(map(str, row)) for row in itertools.chain([headers], rows)
  File "/home/crysys/miniconda3/envs/flower-fl-traffic/lib/python3.10/site-packages/ray/_private/worker.py", line 1723, in sigterm_handler
    sys.exit(signum)
SystemExit: 15
    sys.exit(signum)
SystemExit: 15
✅ Baseline experiment completed. Data saved to: results/half/1_local_baseline/P1/6.json

################################################################################
🚀 START EXPERIMENT: P21-P22 (BASELINE)🚀
################################################################################


--- Starting Lightning Local Baseline (Subdir: P2) ---
🚀 [PID:1468652] Starting training for M1...
🚀 [PID:1468653] Starting training for M2...
Exception ignored in atexit callback: <bound method finalize._exitfunc of <class 'weakref.finalize'>>
Exception ignored in atexit callback: <bound method finalize._exitfunc of <class 'weakref.finalize'>>
Traceback (most recent call last):
Traceback (most recent call last):
  File "/home/crysys/miniconda3/envs/flower-fl-traffic/lib/python3.10/weakref.py", line 657, in _exitfunc
  File "/home/crysys/miniconda3/envs/flower-fl-traffic/lib/python3.10/weakref.py", line 657, in _exitfunc
    pending = cls._select_for_exit()
  File "/home/crysys/miniconda3/envs/flower-fl-traffic/lib/python3.10/weakref.py", line 639, in _select_for_exit
    pending = cls._select_for_exit()
  File "/home/crysys/miniconda3/envs/flower-fl-traffic/lib/python3.10/weakref.py", line 638, in _select_for_exit
    L.sort(key=lambda item:item[1].index)
    L = [(f,i) for (f,i) in cls._registry.items() if i.atexit]
  File "/home/crysys/miniconda3/envs/flower-fl-traffic/lib/python3.10/weakref.py", line 638, in <listcomp>
  File "/home/crysys/miniconda3/envs/flower-fl-traffic/lib/python3.10/weakref.py", line 639, in <lambda>
    L = [(f,i) for (f,i) in cls._registry.items() if i.atexit]
    L.sort(key=lambda item:item[1].index)
  File "/home/crysys/miniconda3/envs/flower-fl-traffic/lib/python3.10/site-packages/ray/_private/worker.py", line 1723, in sigterm_handler
  File "/home/crysys/miniconda3/envs/flower-fl-traffic/lib/python3.10/site-packages/ray/_private/worker.py", line 1723, in sigterm_handler
    sys.exit(signum)
    sys.exit(signum)
SystemExit: 15
SystemExit: 15
✅ Baseline experiment completed. Data saved to: results/half/1_local_baseline/P2/6.json

################################################################################
START EXPERIMENT: P1-P2 (DP)🚀
################################################################################


############################################################
🔥 Starting Parallel Runner | Mode: DP | Processes: 4
############################################################


🚀 Starting Parallel Simulation (DP) | Client1: 0.05 | Client2: 0.25
✅ Scenario Finished | C1: 0.05, C2: 0.25 | Acc: 95.80%, 95.73%

🚀 Starting Parallel Simulation (DP) | Client1: 0.05 | Client2: 0.3
✅ Scenario Finished | C1: 0.05, C2: 0.3 | Acc: 95.62%, 95.58%

🚀 Starting Parallel Simulation (DP) | Client1: 0.1 | Client2: 0.0
✅ Scenario Finished | C1: 0.1, C2: 0.0 | Acc: 97.84%, 97.82%

🚀 Starting Parallel Simulation (DP) | Client1: 0.1 | Client2: 0.05
✅ Scenario Finished | C1: 0.1, C2: 0.05 | Acc: 97.37%, 97.33%

🚀 Starting Parallel Simulation (DP) | Client1: 0.15 | Client2: 0.15
✅ Scenario Finished | C1: 0.15, C2: 0.15 | Acc: 95.55%, 95.49%

🚀 Starting Parallel Simulation (DP) | Client1: 0.15 | Client2: 0.2
✅ Scenario Finished | C1: 0.15, C2: 0.2 | Acc: 97.40%, 97.39%

🚀 Starting Parallel Simulation (DP) | Client1: 0.15 | Client2: 0.25
✅ Scenario Finished | C1: 0.15, C2: 0.25 | Acc: 97.26%, 97.25%

🚀 Starting Parallel Simulation (DP) | Client1: 0.15 | Client2: 0.3
✅ Scenario Finished | C1: 0.15, C2: 0.3 | Acc: 95.42%, 95.38%

🚀 Starting Parallel Simulation (DP) | Client1: 0.3 | Client2: 0.1
✅ Scenario Finished | C1: 0.3, C2: 0.1 | Acc: 97.38%, 97.28%

🚀 Starting Parallel Simulation (DP) | Client1: 0.3 | Client2: 0.15
✅ Scenario Finished | C1: 0.3, C2: 0.15 | Acc: 95.51%, 95.42%

🚀 Starting Parallel Simulation (DP) | Client1: 0.3 | Client2: 0.2
✅ Scenario Finished | C1: 0.3, C2: 0.2 | Acc: 94.57%, 94.64%

🚀 Starting Parallel Simulation (DP) | Client1: 0.3 | Client2: 0.25
✅ Scenario Finished | C1: 0.3, C2: 0.25 | Acc: 95.15%, 95.17%
*** SIGTERM received at time=1788988229 on cpu 4 ***
*** SIGTERM received at time=1788988229 on cpu 6 ***
*** SIGTERM received at time=1788988229 on cpu 8 ***
*** SIGTERM received at time=1788988229 on cpu 5 ***
PC: @     0x7c0a04325e7b  (unknown)  munmap
    @     0x7c0a04245330  (unknown)  (unknown)
PC: @     0x73c496e9b162  (unknown)  pthread_cond_signal
    @     0x73c496e45330  (unknown)  (unknown)
PC: @     0x78f67271c6dd  (unknown)  write
    @     0x78f672645330  802014208  (unknown)
    @     0x606ef00ba5c1  (unknown)  take_gil
PC: @     0x62b74f501f10  (unknown)  _PyEval_EvalFrameDefault
    @     0x70c6dd645330  (unknown)  (unknown)
    @     0x5e5e0e7ffa7c  (unknown)  _Py_write
[2026-09-09 21:10:29,939 E 1468684 1468684] logging.cc:361: *** SIGTERM received at time=1788988229 on cpu 6 ***
[2026-09-09 21:10:29,939 E 1468684 1468684] logging.cc:361: PC: @     0x78f67271c6dd  (unknown)  write
[2026-09-09 21:10:29,939 E 1468684 1468684] logging.cc:361:     @     0x78f672645330  802014208  (unknown)
[2026-09-09 21:10:29,939 E 1468684 1468684] logging.cc:361:     @     0x5e5e0e7ffa7c  (unknown)  _Py_write
    @     0x62b74f732840  (unknown)  (unknown)
[2026-09-09 21:10:29,943 E 1468683 1468683] logging.cc:361: *** SIGTERM received at time=1788988229 on cpu 4 ***
[2026-09-09 21:10:29,943 E 1468683 1468683] logging.cc:361: PC: @     0x62b74f501f10  (unknown)  _PyEval_EvalFrameDefault
    @     0x7c09eb6665c7  (unknown)  at::MapAllocator::~MapAllocator()
    @ ... and at least 5 more frames
[2026-09-09 21:10:29,947 E 1468681 1468681] logging.cc:361: *** SIGTERM received at time=1788988229 on cpu 5 ***
[2026-09-09 21:10:29,947 E 1468681 1468681] logging.cc:361: PC: @     0x7c0a04325e7b  (unknown)  munmap
[2026-09-09 21:10:29,947 E 1468681 1468681] logging.cc:361:     @     0x7c0a04245330  (unknown)  (unknown)
[2026-09-09 21:10:29,947 E 1468681 1468681] logging.cc:361:     @     0x7c09eb6665c7  (unknown)  at::MapAllocator::~MapAllocator()
[2026-09-09 21:10:29,947 E 1468681 1468681] logging.cc:361:     @ ... and at least 5 more frames
[2026-09-09 21:10:29,947 E 1468683 1468683] logging.cc:361:     @     0x70c6dd645330  (unknown)  (unknown)
    @     0x606f1c95cae0  (unknown)  (unknown)
[2026-09-09 21:10:29,949 E 1468682 1468682] logging.cc:361: *** SIGTERM received at time=1788988229 on cpu 8 ***
[2026-09-09 21:10:29,949 E 1468682 1468682] logging.cc:361: PC: @     0x73c496e9b162  (unknown)  pthread_cond_signal
[2026-09-09 21:10:29,951 E 1468683 1468683] logging.cc:361:     @     0x62b74f732840  (unknown)  (unknown)
[2026-09-09 21:10:29,953 E 1468682 1468682] logging.cc:361:     @     0x73c496e45330  (unknown)  (unknown)
[2026-09-09 21:10:29,953 E 1468682 1468682] logging.cc:361:     @     0x606ef00ba5c1  (unknown)  take_gil
[2026-09-09 21:10:29,956 E 1468682 1468682] logging.cc:361:     @     0x606f1c95cae0  (unknown)  (unknown)

✨ All DP scenarios for  completed.

################################################################################
START EXPERIMENT: P11-P12 (DP)🚀
################################################################################


############################################################
🔥 Starting Parallel Runner | Mode: DP | Processes: 4
############################################################


🚀 Starting Parallel Simulation (DP) | Client1: 0.05 | Client2: 0.25
✅ Scenario Finished | C1: 0.05, C2: 0.25 | Acc: 95.02%, 95.04%

🚀 Starting Parallel Simulation (DP) | Client1: 0.05 | Client2: 0.3
✅ Scenario Finished | C1: 0.05, C2: 0.3 | Acc: 95.30%, 95.27%

🚀 Starting Parallel Simulation (DP) | Client1: 0.1 | Client2: 0.0
✅ Scenario Finished | C1: 0.1, C2: 0.0 | Acc: 94.72%, 94.76%

🚀 Starting Parallel Simulation (DP) | Client1: 0.1 | Client2: 0.05
✅ Scenario Finished | C1: 0.1, C2: 0.05 | Acc: 96.88%, 96.85%

🚀 Starting Parallel Simulation (DP) | Client1: 0.15 | Client2: 0.15
✅ Scenario Finished | C1: 0.15, C2: 0.15 | Acc: 94.77%, 94.84%

🚀 Starting Parallel Simulation (DP) | Client1: 0.15 | Client2: 0.2
✅ Scenario Finished | C1: 0.15, C2: 0.2 | Acc: 95.28%, 95.23%

🚀 Starting Parallel Simulation (DP) | Client1: 0.15 | Client2: 0.25
✅ Scenario Finished | C1: 0.15, C2: 0.25 | Acc: 94.33%, 94.31%

🚀 Starting Parallel Simulation (DP) | Client1: 0.15 | Client2: 0.3
✅ Scenario Finished | C1: 0.15, C2: 0.3 | Acc: 95.37%, 95.33%

🚀 Starting Parallel Simulation (DP) | Client1: 0.25 | Client2: 0.25
✅ Scenario Finished | C1: 0.25, C2: 0.25 | Acc: 94.07%, 94.02%

🚀 Starting Parallel Simulation (DP) | Client1: 0.25 | Client2: 0.3
✅ Scenario Finished | C1: 0.25, C2: 0.3 | Acc: 94.35%, 94.43%

🚀 Starting Parallel Simulation (DP) | Client1: 0.3 | Client2: 0.0
✅ Scenario Finished | C1: 0.3, C2: 0.0 | Acc: 95.16%, 95.31%

🚀 Starting Parallel Simulation (DP) | Client1: 0.3 | Client2: 0.05
✅ Scenario Finished | C1: 0.3, C2: 0.05 | Acc: 95.18%, 95.15%
*** SIGTERM received at time=1788996619 on cpu 13 ***
*** SIGTERM received at time=1788996619 on cpu 7 ***
*** SIGTERM received at time=1788996619 on cpu 12 ***
*** SIGTERM received at time=1788996619 on cpu 1 ***
PC: @     0x7a8da1d25e7b  (unknown)  munmap
    @     0x7a8da1c45330  1702286528  (unknown)
PC: @     0x793421098e51  (unknown)  (unknown)
    @     0x793421045330  1008625888  (unknown)
    @     0x7934210a5098         96  (unknown)
    @     0x579e7e3d532c  (unknown)  PyThread_acquire_lock_timed
    @ ... and at least 1 more frames
[2026-09-09 23:30:19,339 E 1493297 1493297] logging.cc:361: *** SIGTERM received at time=1788996619 on cpu 7 ***
[2026-09-09 23:30:19,339 E 1493297 1493297] logging.cc:361: PC: @     0x793421098e51  (unknown)  (unknown)
[2026-09-09 23:30:19,339 E 1493297 1493297] logging.cc:361:     @     0x793421045330  1008625888  (unknown)
[2026-09-09 23:30:19,339 E 1493297 1493297] logging.cc:361:     @     0x7934210a5098         96  (unknown)
[2026-09-09 23:30:19,339 E 1493297 1493297] logging.cc:361:     @     0x579e7e3d532c  (unknown)  PyThread_acquire_lock_timed
[2026-09-09 23:30:19,339 E 1493297 1493297] logging.cc:361:     @ ... and at least 1 more frames
PC: @     0x61953cd3a178  (unknown)  _textiowrapper_writeflush
    @     0x7a8121a45330  194146128  (unknown)
PC: @     0x7ba82c6ab140  (unknown)  (unknown)
    @     0x7ba82c645330  (unknown)  (unknown)
    @     0x7ba82c6ab51a         80  (unknown)
    @     0x7ba82c6adeae         64  cfree
    @     0x569540704175  (unknown)  PyMem_Free
    @     0x7a8d890665c7  (unknown)  at::MapAllocator::~MapAllocator()
    @ ... and at least 5 more frames
[2026-09-09 23:30:19,346 E 1493296 1493296] logging.cc:361: *** SIGTERM received at time=1788996619 on cpu 13 ***
[2026-09-09 23:30:19,346 E 1493296 1493296] logging.cc:361: PC: @     0x7a8da1d25e7b  (unknown)  munmap
[2026-09-09 23:30:19,346 E 1493296 1493296] logging.cc:361:     @     0x7a8da1c45330  1702286528  (unknown)
    @     0x61953cebcd80  (unknown)  (unknown)
[2026-09-09 23:30:19,346 E 1493296 1493296] logging.cc:361:     @     0x7a8d890665c7  (unknown)  at::MapAllocator::~MapAllocator()
[2026-09-09 23:30:19,346 E 1493296 1493296] logging.cc:361:     @ ... and at least 5 more frames
[2026-09-09 23:30:19,346 E 1493298 1493298] logging.cc:361: *** SIGTERM received at time=1788996619 on cpu 12 ***
[2026-09-09 23:30:19,346 E 1493298 1493298] logging.cc:361: PC: @     0x61953cd3a178  (unknown)  _textiowrapper_writeflush
[2026-09-09 23:30:19,351 E 1493298 1493298] logging.cc:361:     @     0x7a8121a45330  194146128  (unknown)
    @     0x5695752e2f60  (unknown)  (unknown)
[2026-09-09 23:30:19,356 E 1493298 1493298] logging.cc:361:     @     0x61953cebcd80  (unknown)  (unknown)
    @             0x1420  (unknown)  (unknown)
[2026-09-09 23:30:19,372 E 1493299 1493299] logging.cc:361: *** SIGTERM received at time=1788996619 on cpu 1 ***
[2026-09-09 23:30:19,377 E 1493299 1493299] logging.cc:361: PC: @     0x7ba82c6ab140  (unknown)  (unknown)
[2026-09-09 23:30:19,380 E 1493299 1493299] logging.cc:361:     @     0x7ba82c645330  (unknown)  (unknown)
[2026-09-09 23:30:19,380 E 1493299 1493299] logging.cc:361:     @     0x7ba82c6ab51a         80  (unknown)
[2026-09-09 23:30:19,380 E 1493299 1493299] logging.cc:361:     @     0x7ba82c6adeae         64  cfree
[2026-09-09 23:30:19,381 E 1493299 1493299] logging.cc:361:     @     0x569540704175  (unknown)  PyMem_Free
[2026-09-09 23:30:19,385 E 1493299 1493299] logging.cc:361:     @     0x5695752e2f60  (unknown)  (unknown)
[2026-09-09 23:30:19,391 E 1493299 1493299] logging.cc:361:     @             0x1420  (unknown)  (unknown)

✨ All DP scenarios for P1 completed.

################################################################################
START EXPERIMENT: P21-P22 (DP)🚀
################################################################################


############################################################
🔥 Starting Parallel Runner | Mode: DP | Processes: 4
############################################################


🚀 Starting Parallel Simulation (DP) | Client1: 0.0 | Client2: 0.2
✅ Scenario Finished | C1: 0.0, C2: 0.2 | Acc: 95.76%, 95.72%

🚀 Starting Parallel Simulation (DP) | Client1: 0.0 | Client2: 0.25
✅ Scenario Finished | C1: 0.0, C2: 0.25 | Acc: 95.22%, 95.10%

🚀 Starting Parallel Simulation (DP) | Client1: 0.0 | Client2: 0.3
✅ Scenario Finished | C1: 0.0, C2: 0.3 | Acc: 96.45%, 96.61%

🚀 Starting Parallel Simulation (DP) | Client1: 0.05 | Client2: 0.0
✅ Scenario Finished | C1: 0.05, C2: 0.0 | Acc: 96.74%, 96.94%

🚀 Starting Parallel Simulation (DP) | Client1: 0.1 | Client2: 0.3
✅ Scenario Finished | C1: 0.1, C2: 0.3 | Acc: 94.89%, 94.74%

🚀 Starting Parallel Simulation (DP) | Client1: 0.15 | Client2: 0.0
✅ Scenario Finished | C1: 0.15, C2: 0.0 | Acc: 96.85%, 96.78%

🚀 Starting Parallel Simulation (DP) | Client1: 0.15 | Client2: 0.05
✅ Scenario Finished | C1: 0.15, C2: 0.05 | Acc: 94.92%, 94.87%

🚀 Starting Parallel Simulation (DP) | Client1: 0.15 | Client2: 0.1
✅ Scenario Finished | C1: 0.15, C2: 0.1 | Acc: 96.35%, 96.51%

🚀 Starting Parallel Simulation (DP) | Client1: 0.25 | Client2: 0.05
✅ Scenario Finished | C1: 0.25, C2: 0.05 | Acc: 96.26%, 96.11%

🚀 Starting Parallel Simulation (DP) | Client1: 0.25 | Client2: 0.1
✅ Scenario Finished | C1: 0.25, C2: 0.1 | Acc: 94.93%, 94.85%

🚀 Starting Parallel Simulation (DP) | Client1: 0.25 | Client2: 0.15
✅ Scenario Finished | C1: 0.25, C2: 0.15 | Acc: 95.00%, 95.04%

🚀 Starting Parallel Simulation (DP) | Client1: 0.25 | Client2: 0.2
✅ Scenario Finished | C1: 0.25, C2: 0.2 | Acc: 94.83%, 94.72%
*** SIGTERM received at time=1789004977 on cpu 12 ***
*** SIGTERM received at time=1789004977 on cpu 1 ***
*** SIGTERM received at time=1789004977 on cpu 0 ***
*** SIGTERM received at time=1789004977 on cpu 8 ***
PC: @     0x7af63ff25e7b  (unknown)  munmap
    @     0x7af63fe45330  (unknown)  (unknown)
PC: @     0x7a08772a9d41  (unknown)  (unknown)
    @     0x7a0877245330  (unknown)  (unknown)
    @     0x7a08772abb70        144  (unknown)
    @     0x7a08772ad7f4         64  __libc_malloc
    @     0x5f46cdfdc9d8  (unknown)  PyObject_Malloc
PC: @     0x73987d91c6dd  (unknown)  write
    @     0x73987d845330  (unknown)  (unknown)
PC: @     0x60a4c626a4fe  (unknown)  _PyObject_GetMethod
    @     0x7ecad4245330  607441296  (unknown)
    @     0x5f46ce24bd80  (unknown)  (unknown)
[2026-09-10 01:49:37,819 E 1514379 1514379] logging.cc:361: *** SIGTERM received at time=1789004977 on cpu 12 ***
    @     0x62b8b3f57a7c  (unknown)  _Py_write
[2026-09-10 01:49:37,819 E 1514381 1514381] logging.cc:361: *** SIGTERM received at time=1789004977 on cpu 8 ***
[2026-09-10 01:49:37,819 E 1514381 1514381] logging.cc:361: PC: @     0x73987d91c6dd  (unknown)  write
[2026-09-10 01:49:37,819 E 1514381 1514381] logging.cc:361:     @     0x73987d845330  (unknown)  (unknown)
[2026-09-10 01:49:37,819 E 1514381 1514381] logging.cc:361:     @     0x62b8b3f57a7c  (unknown)  _Py_write
    @     0x7af6272665c7  (unknown)  at::MapAllocator::~MapAllocator()
    @ ... and at least 5 more frames
[2026-09-10 01:49:37,823 E 1514382 1514382] logging.cc:361: *** SIGTERM received at time=1789004977 on cpu 1 ***
[2026-09-10 01:49:37,823 E 1514382 1514382] logging.cc:361: PC: @     0x7af63ff25e7b  (unknown)  munmap
[2026-09-10 01:49:37,823 E 1514382 1514382] logging.cc:361:     @     0x7af63fe45330  (unknown)  (unknown)
[2026-09-10 01:49:37,823 E 1514382 1514382] logging.cc:361:     @     0x7af6272665c7  (unknown)  at::MapAllocator::~MapAllocator()
[2026-09-10 01:49:37,823 E 1514382 1514382] logging.cc:361:     @ ... and at least 5 more frames
    @     0x60a4c64ad280  (unknown)  (unknown)
[2026-09-10 01:49:37,824 E 1514380 1514380] logging.cc:361: *** SIGTERM received at time=1789004977 on cpu 0 ***
[2026-09-10 01:49:37,824 E 1514380 1514380] logging.cc:361: PC: @     0x60a4c626a4fe  (unknown)  _PyObject_GetMethod
[2026-09-10 01:49:37,829 E 1514380 1514380] logging.cc:361:     @     0x7ecad4245330  607441296  (unknown)
[2026-09-10 01:49:37,829 E 1514379 1514379] logging.cc:361: PC: @     0x7a08772a9d41  (unknown)  (unknown)
[2026-09-10 01:49:37,829 E 1514379 1514379] logging.cc:361:     @     0x7a0877245330  (unknown)  (unknown)
[2026-09-10 01:49:37,830 E 1514379 1514379] logging.cc:361:     @     0x7a08772abb70        144  (unknown)
[2026-09-10 01:49:37,830 E 1514379 1514379] logging.cc:361:     @     0x7a08772ad7f4         64  __libc_malloc
[2026-09-10 01:49:37,830 E 1514379 1514379] logging.cc:361:     @     0x5f46cdfdc9d8  (unknown)  PyObject_Malloc
[2026-09-10 01:49:37,834 E 1514380 1514380] logging.cc:361:     @     0x60a4c64ad280  (unknown)  (unknown)
[2026-09-10 01:49:37,838 E 1514379 1514379] logging.cc:361:     @     0x5f46ce24bd80  (unknown)  (unknown)

✨ All DP scenarios for P2 completed.

################################################################################
RUNNING MAIN FUNCTION ITERATION 8
################################################################################

Checking for existing dataset splits at:
 - dataset/half/p1.parquet
 - dataset/half/p2.parquet
Dataset splits already exist. Skipping splitting.

################################################################################
🚀 START EXPERIMENT: P1-P2 (BASELINE)🚀
################################################################################


--- Starting Lightning Local Baseline (Subdir: ) ---
🚀 [PID:1535448] Starting training for M1...
🚀 [PID:1535447] Starting training for M2...
Exception ignored in atexit callback: <function dump_compile_times at 0x746466b31240>
Traceback (most recent call last):
  File "/home/crysys/miniconda3/envs/flower-fl-traffic/lib/python3.10/site-packages/torch/_dynamo/utils.py", line 910, in dump_compile_times
Exception ignored in atexit callback: <function dump_compile_times at 0x71db9c51d240>
Traceback (most recent call last):
  File "/home/crysys/miniconda3/envs/flower-fl-traffic/lib/python3.10/site-packages/torch/_dynamo/utils.py", line 910, in dump_compile_times
    log.info(compile_times(repr="str", aggregate=True))
  File "/home/crysys/miniconda3/envs/flower-fl-traffic/lib/python3.10/site-packages/torch/_dynamo/utils.py", line 896, in compile_times
    log.info(compile_times(repr="str", aggregate=True))
  File "/home/crysys/miniconda3/envs/flower-fl-traffic/lib/python3.10/site-packages/torch/_dynamo/utils.py", line 891, in compile_times
    out += tabulate(rows, headers=("Function", "Runtimes (s)"))
  File "/home/crysys/miniconda3/envs/flower-fl-traffic/lib/python3.10/site-packages/torch/_dynamo/utils.py", line 244, in tabulate
    import tabulate
  File "<frozen importlib._bootstrap>", line 1027, in _find_and_load
  File "<frozen importlib._bootstrap>", line 1002, in _find_and_load_unlocked
  File "<frozen importlib._bootstrap>", line 945, in _find_spec
  File "<frozen importlib._bootstrap_external>", line 1439, in find_spec
  File "<frozen importlib._bootstrap_external>", line 1411, in _get_spec
  File "<frozen importlib._bootstrap_external>", line 1548, in find_spec
  File "<frozen importlib._bootstrap_external>", line 1591, in _fill_cache
    rows = [
  File "/home/crysys/miniconda3/envs/flower-fl-traffic/lib/python3.10/site-packages/torch/_dynamo/utils.py", line 891, in <listcomp>
  File "/home/crysys/miniconda3/envs/flower-fl-traffic/lib/python3.10/site-packages/ray/_private/worker.py", line 1723, in sigterm_handler
    sys.exit(signum)
SystemExit: 15
    rows = [
  File "/home/crysys/miniconda3/envs/flower-fl-traffic/lib/python3.10/site-packages/ray/_private/worker.py", line 1723, in sigterm_handler
    sys.exit(signum)
SystemExit: 15
✅ Baseline experiment completed. Data saved to: results/half/1_local_baseline/7.json

################################################################################
🚀 START EXPERIMENT: P11-P12 (BASELINE)🚀
################################################################################


--- Starting Lightning Local Baseline (Subdir: P1) ---
🚀 [PID:1535475] Starting training for M2...
Exception ignored in atexit callback: <function dump_compile_times at 0x76a271805240>
Traceback (most recent call last):
🚀 [PID:1535476] Starting training for M1...
  File "/home/crysys/miniconda3/envs/flower-fl-traffic/lib/python3.10/site-packages/torch/_dynamo/utils.py", line 910, in dump_compile_times
    log.info(compile_times(repr="str", aggregate=True))
  File "/home/crysys/miniconda3/envs/flower-fl-traffic/lib/python3.10/site-packages/torch/_dynamo/utils.py", line 896, in compile_times
    out += tabulate(rows, headers=("Function", "Runtimes (s)"))
  File "/home/crysys/miniconda3/envs/flower-fl-traffic/lib/python3.10/site-packages/torch/_dynamo/utils.py", line 244, in tabulate
    import tabulate
  File "<frozen importlib._bootstrap>", line 1024, in _find_and_load
  File "<frozen importlib._bootstrap>", line 171, in __enter__
  File "<frozen importlib._bootstrap>", line 111, in acquire
  File "/home/crysys/miniconda3/envs/flower-fl-traffic/lib/python3.10/site-packages/ray/_private/worker.py", line 1723, in sigterm_handler
    sys.exit(signum)
SystemExit: 15
✅ Baseline experiment completed. Data saved to: results/half/1_local_baseline/P1/7.json

################################################################################
🚀 START EXPERIMENT: P21-P22 (BASELINE)🚀
################################################################################


--- Starting Lightning Local Baseline (Subdir: P2) ---
🚀 [PID:1535499] Starting training for M1...
🚀 [PID:1535498] Starting training for M2...
Exception ignored in atexit callback: <bound method finalize._exitfunc of <class 'weakref.finalize'>>
Traceback (most recent call last):
  File "/home/crysys/miniconda3/envs/flower-fl-traffic/lib/python3.10/weakref.py", line 657, in _exitfunc
Exception ignored in atexit callback: <function dump_compile_times at 0x75bfdefe1240>
Traceback (most recent call last):
  File "/home/crysys/miniconda3/envs/flower-fl-traffic/lib/python3.10/site-packages/torch/_dynamo/utils.py", line 910, in dump_compile_times
    pending = cls._select_for_exit()
  File "/home/crysys/miniconda3/envs/flower-fl-traffic/lib/python3.10/weakref.py", line 640, in _select_for_exit
    return [f for (f,i) in L]
  File "/home/crysys/miniconda3/envs/flower-fl-traffic/lib/python3.10/weakref.py", line 640, in <listcomp>
    return [f for (f,i) in L]
  File "/home/crysys/miniconda3/envs/flower-fl-traffic/lib/python3.10/site-packages/ray/_private/worker.py", line 1723, in sigterm_handler
    sys.exit(signum)
SystemExit: 15
    log.info(compile_times(repr="str", aggregate=True))
  File "/home/crysys/miniconda3/envs/flower-fl-traffic/lib/python3.10/site-packages/torch/_dynamo/utils.py", line 896, in compile_times
    out += tabulate(rows, headers=("Function", "Runtimes (s)"))
  File "/home/crysys/miniconda3/envs/flower-fl-traffic/lib/python3.10/site-packages/torch/_dynamo/utils.py", line 244, in tabulate
    import tabulate
  File "<frozen importlib._bootstrap>", line 1027, in _find_and_load
  File "<frozen importlib._bootstrap>", line 1002, in _find_and_load_unlocked
  File "<frozen importlib._bootstrap>", line 945, in _find_spec
  File "<frozen importlib._bootstrap_external>", line 1439, in find_spec
  File "<frozen importlib._bootstrap_external>", line 1411, in _get_spec
  File "<frozen importlib._bootstrap_external>", line 1572, in find_spec
  File "<frozen importlib._bootstrap_external>", line 126, in _path_join
  File "/home/crysys/miniconda3/envs/flower-fl-traffic/lib/python3.10/site-packages/ray/_private/worker.py", line 1723, in sigterm_handler
    sys.exit(signum)
SystemExit: 15
✅ Baseline experiment completed. Data saved to: results/half/1_local_baseline/P2/7.json

################################################################################
START EXPERIMENT: P1-P2 (DP)🚀
################################################################################


############################################################
🔥 Starting Parallel Runner | Mode: DP | Processes: 4
############################################################


🚀 Starting Parallel Simulation (DP) | Client1: 0.05 | Client2: 0.05
✅ Scenario Finished | C1: 0.05, C2: 0.05 | Acc: 97.57%, 97.62%

🚀 Starting Parallel Simulation (DP) | Client1: 0.05 | Client2: 0.1
✅ Scenario Finished | C1: 0.05, C2: 0.1 | Acc: 96.64%, 96.60%

🚀 Starting Parallel Simulation (DP) | Client1: 0.05 | Client2: 0.15
✅ Scenario Finished | C1: 0.05, C2: 0.15 | Acc: 96.06%, 96.20%

🚀 Starting Parallel Simulation (DP) | Client1: 0.05 | Client2: 0.2
✅ Scenario Finished | C1: 0.05, C2: 0.2 | Acc: 95.51%, 95.54%

🚀 Starting Parallel Simulation (DP) | Client1: 0.2 | Client2: 0.0
✅ Scenario Finished | C1: 0.2, C2: 0.0 | Acc: 97.56%, 97.61%

🚀 Starting Parallel Simulation (DP) | Client1: 0.2 | Client2: 0.05
✅ Scenario Finished | C1: 0.2, C2: 0.05 | Acc: 96.93%, 96.92%

🚀 Starting Parallel Simulation (DP) | Client1: 0.2 | Client2: 0.1
✅ Scenario Finished | C1: 0.2, C2: 0.1 | Acc: 95.90%, 95.96%

🚀 Starting Parallel Simulation (DP) | Client1: 0.2 | Client2: 0.15
✅ Scenario Finished | C1: 0.2, C2: 0.15 | Acc: 97.17%, 97.13%

🚀 Starting Parallel Simulation (DP) | Client1: 0.25 | Client2: 0.05
✅ Scenario Finished | C1: 0.25, C2: 0.05 | Acc: 95.83%, 95.80%

🚀 Starting Parallel Simulation (DP) | Client1: 0.25 | Client2: 0.1
✅ Scenario Finished | C1: 0.25, C2: 0.1 | Acc: 96.92%, 96.88%

🚀 Starting Parallel Simulation (DP) | Client1: 0.25 | Client2: 0.15
✅ Scenario Finished | C1: 0.25, C2: 0.15 | Acc: 96.94%, 97.01%

🚀 Starting Parallel Simulation (DP) | Client1: 0.25 | Client2: 0.2
✅ Scenario Finished | C1: 0.25, C2: 0.2 | Acc: 96.30%, 96.35%

🚀 Starting Parallel Simulation (DP) | Client1: 0.0 | Client2: 0.2
✅ Scenario Finished | C1: 0.0, C2: 0.2 | Acc: 97.36%, 97.28%

🚀 Starting Parallel Simulation (DP) | Client1: 0.0 | Client2: 0.25
✅ Scenario Finished | C1: 0.0, C2: 0.25 | Acc: 95.38%, 95.36%

🚀 Starting Parallel Simulation (DP) | Client1: 0.0 | Client2: 0.3
✅ Scenario Finished | C1: 0.0, C2: 0.3 | Acc: 97.10%, 97.14%

🚀 Starting Parallel Simulation (DP) | Client1: 0.05 | Client2: 0.0
✅ Scenario Finished | C1: 0.05, C2: 0.0 | Acc: 97.55%, 97.53%

🚀 Starting Parallel Simulation (DP) | Client1: 0.1 | Client2: 0.3
✅ Scenario Finished | C1: 0.1, C2: 0.3 | Acc: 97.20%, 97.23%

🚀 Starting Parallel Simulation (DP) | Client1: 0.15 | Client2: 0.0
✅ Scenario Finished | C1: 0.15, C2: 0.0 | Acc: 97.62%, 97.65%

🚀 Starting Parallel Simulation (DP) | Client1: 0.15 | Client2: 0.05
✅ Scenario Finished | C1: 0.15, C2: 0.05 | Acc: 97.18%, 97.10%

🚀 Starting Parallel Simulation (DP) | Client1: 0.15 | Client2: 0.1
✅ Scenario Finished | C1: 0.15, C2: 0.1 | Acc: 95.59%, 95.57%

🚀 Starting Parallel Simulation (DP) | Client1: 0.25 | Client2: 0.25
✅ Scenario Finished | C1: 0.25, C2: 0.25 | Acc: 96.68%, 96.69%

🚀 Starting Parallel Simulation (DP) | Client1: 0.25 | Client2: 0.3
✅ Scenario Finished | C1: 0.25, C2: 0.3 | Acc: 95.17%, 95.15%

🚀 Starting Parallel Simulation (DP) | Client1: 0.3 | Client2: 0.0
✅ Scenario Finished | C1: 0.3, C2: 0.0 | Acc: 97.74%, 97.83%

🚀 Starting Parallel Simulation (DP) | Client1: 0.3 | Client2: 0.05
✅ Scenario Finished | C1: 0.3, C2: 0.05 | Acc: 96.29%, 96.37%
*** SIGTERM received at time=1789022400 on cpu 3 ***
*** SIGTERM received at time=1789022400 on cpu 12 ***
*** SIGTERM received at time=1789022400 on cpu 4 ***
*** SIGTERM received at time=1789022400 on cpu 5 ***
PC: @     0x70adcc125e7b  (unknown)  munmap
    @     0x70adcc045330  1062861360  (unknown)
PC: @     0x7a7306ca9bdd  (unknown)  (unknown)
    @     0x7a7306c45330  (unknown)  (unknown)
    @     0x7a7306ca9e0b        112  (unknown)
    @     0x7a7306cabb70        144  (unknown)
    @     0x7a7306cad7f4         64  __libc_malloc
    @     0x60c1d363e9d8  (unknown)  PyObject_Malloc
PC: @     0x5f2c69adf004  (unknown)  PyObject_GetAttr
    @     0x7a6ae6e45330  516488768  (unknown)
PC: @     0x5fb4df454116  (unknown)  _PyObject_GenericGetAttrWithDict
    @     0x7be62e045330  1410290832  (unknown)
    @     0x60c1d38add80  (unknown)  (unknown)
[2026-09-10 06:40:00,026 E 1535529 1535529] logging.cc:361: *** SIGTERM received at time=1789022400 on cpu 3 ***
    @     0x5f2c69d06840  (unknown)  (unknown)
[2026-09-10 06:40:00,029 E 1535528 1535528] logging.cc:361: *** SIGTERM received at time=1789022400 on cpu 12 ***
[2026-09-10 06:40:00,029 E 1535528 1535528] logging.cc:361: PC: @     0x5f2c69adf004  (unknown)  PyObject_GetAttr
    @     0x5fb4df684400  (unknown)  (unknown)
[2026-09-10 06:40:00,030 E 1535527 1535527] logging.cc:361: *** SIGTERM received at time=1789022400 on cpu 4 ***
[2026-09-10 06:40:00,030 E 1535527 1535527] logging.cc:361: PC: @     0x5fb4df454116  (unknown)  _PyObject_GenericGetAttrWithDict
[2026-09-10 06:40:00,031 E 1535529 1535529] logging.cc:361: PC: @     0x7a7306ca9bdd  (unknown)  (unknown)
[2026-09-10 06:40:00,031 E 1535529 1535529] logging.cc:361:     @     0x7a7306c45330  (unknown)  (unknown)
[2026-09-10 06:40:00,031 E 1535529 1535529] logging.cc:361:     @     0x7a7306ca9e0b        112  (unknown)
[2026-09-10 06:40:00,031 E 1535529 1535529] logging.cc:361:     @     0x7a7306cabb70        144  (unknown)
[2026-09-10 06:40:00,031 E 1535529 1535529] logging.cc:361:     @     0x7a7306cad7f4         64  __libc_malloc
[2026-09-10 06:40:00,031 E 1535529 1535529] logging.cc:361:     @     0x60c1d363e9d8  (unknown)  PyObject_Malloc
    @     0x70adb34665c7  (unknown)  at::MapAllocator::~MapAllocator()
    @ ... and at least 5 more frames
[2026-09-10 06:40:00,032 E 1535530 1535530] logging.cc:361: *** SIGTERM received at time=1789022400 on cpu 5 ***
[2026-09-10 06:40:00,032 E 1535530 1535530] logging.cc:361: PC: @     0x70adcc125e7b  (unknown)  munmap
[2026-09-10 06:40:00,032 E 1535530 1535530] logging.cc:361:     @     0x70adcc045330  1062861360  (unknown)
[2026-09-10 06:40:00,032 E 1535530 1535530] logging.cc:361:     @     0x70adb34665c7  (unknown)  at::MapAllocator::~MapAllocator()
[2026-09-10 06:40:00,032 E 1535530 1535530] logging.cc:361:     @ ... and at least 5 more frames
[2026-09-10 06:40:00,032 E 1535528 1535528] logging.cc:361:     @     0x7a6ae6e45330  516488768  (unknown)
[2026-09-10 06:40:00,033 E 1535527 1535527] logging.cc:361:     @     0x7be62e045330  1410290832  (unknown)
[2026-09-10 06:40:00,036 E 1535528 1535528] logging.cc:361:     @     0x5f2c69d06840  (unknown)  (unknown)
[2026-09-10 06:40:00,038 E 1535529 1535529] logging.cc:361:     @     0x60c1d38add80  (unknown)  (unknown)
[2026-09-10 06:40:00,050 E 1535527 1535527] logging.cc:361:     @     0x5fb4df684400  (unknown)  (unknown)

✨ All DP scenarios for  completed.

################################################################################
START EXPERIMENT: P11-P12 (DP)🚀
################################################################################


############################################################
🔥 Starting Parallel Runner | Mode: DP | Processes: 4
############################################################


🚀 Starting Parallel Simulation (DP) | Client1: 0.05 | Client2: 0.25
✅ Scenario Finished | C1: 0.05, C2: 0.25 | Acc: 94.98%, 95.02%

🚀 Starting Parallel Simulation (DP) | Client1: 0.05 | Client2: 0.3
✅ Scenario Finished | C1: 0.05, C2: 0.3 | Acc: 95.27%, 95.19%

🚀 Starting Parallel Simulation (DP) | Client1: 0.1 | Client2: 0.0
✅ Scenario Finished | C1: 0.1, C2: 0.0 | Acc: 96.33%, 96.29%

🚀 Starting Parallel Simulation (DP) | Client1: 0.1 | Client2: 0.05
✅ Scenario Finished | C1: 0.1, C2: 0.05 | Acc: 96.88%, 96.88%

🚀 Starting Parallel Simulation (DP) | Client1: 0.15 | Client2: 0.15
✅ Scenario Finished | C1: 0.15, C2: 0.15 | Acc: 94.56%, 94.60%

🚀 Starting Parallel Simulation (DP) | Client1: 0.15 | Client2: 0.2
✅ Scenario Finished | C1: 0.15, C2: 0.2 | Acc: 94.87%, 94.98%

🚀 Starting Parallel Simulation (DP) | Client1: 0.15 | Client2: 0.25
✅ Scenario Finished | C1: 0.15, C2: 0.25 | Acc: 94.91%, 94.95%

🚀 Starting Parallel Simulation (DP) | Client1: 0.15 | Client2: 0.3
✅ Scenario Finished | C1: 0.15, C2: 0.3 | Acc: 95.94%, 95.94%

🚀 Starting Parallel Simulation (DP) | Client1: 0.25 | Client2: 0.25
✅ Scenario Finished | C1: 0.25, C2: 0.25 | Acc: 94.72%, 94.79%

🚀 Starting Parallel Simulation (DP) | Client1: 0.25 | Client2: 0.3
✅ Scenario Finished | C1: 0.25, C2: 0.3 | Acc: 94.55%, 94.46%

🚀 Starting Parallel Simulation (DP) | Client1: 0.3 | Client2: 0.0
✅ Scenario Finished | C1: 0.3, C2: 0.0 | Acc: 96.50%, 96.50%

🚀 Starting Parallel Simulation (DP) | Client1: 0.3 | Client2: 0.05
✅ Scenario Finished | C1: 0.3, C2: 0.05 | Acc: 96.45%, 96.44%
*** SIGTERM received at time=1789030740 on cpu 8 ***
*** SIGTERM received at time=1789030740 on cpu 10 ***
*** SIGTERM received at time=1789030740 on cpu 9 ***
*** SIGTERM received at time=1789030740 on cpu 15 ***
PC: @     0x705175925e7b  (unknown)  munmap
    @     0x705175845330  1696836816  (unknown)
PC: @     0x7f93896a9ce0  (unknown)  (unknown)
    @     0x7f9389645330  1955633296  (unknown)
    @     0x7f93896abb70        144  (unknown)
    @     0x7f93896ad7f4         64  __libc_malloc
PC: @     0x5bcdb8a7fb48  (unknown)  method_vectorcall_O
    @     0x78d77e245330  1227232064  (unknown)
PC: @     0x570fd87b8fe5  (unknown)  _PyObject_GenericGetAttrWithDict
    @     0x7ea576245330  (unknown)  (unknown)
[2026-09-10 08:59:00,583 E 1560426 1560426] logging.cc:361: *** SIGTERM received at time=1789030740 on cpu 8 ***
[2026-09-10 08:59:00,584 E 1560426 1560426] logging.cc:361: PC: @     0x570fd87b8fe5  (unknown)  _PyObject_GenericGetAttrWithDict
[2026-09-10 08:59:00,584 E 1560426 1560426] logging.cc:361:     @     0x7ea576245330  (unknown)  (unknown)
    @     0x5a2f1f0259d8  (unknown)  PyObject_Malloc
    @     0x5a2f1f294d80  (unknown)  (unknown)
[2026-09-10 08:59:00,589 E 1560428 1560428] logging.cc:361: *** SIGTERM received at time=1789030740 on cpu 10 ***
[2026-09-10 08:59:00,594 E 1560428 1560428] logging.cc:361: PC: @     0x7f93896a9ce0  (unknown)  (unknown)
    @     0x70515cc665c7  (unknown)  at::MapAllocator::~MapAllocator()
    @ ... and at least 5 more frames
[2026-09-10 08:59:00,594 E 1560429 1560429] logging.cc:361: *** SIGTERM received at time=1789030740 on cpu 15 ***
[2026-09-10 08:59:00,594 E 1560428 1560428] logging.cc:361:     @     0x7f9389645330  1955633296  (unknown)
[2026-09-10 08:59:00,594 E 1560429 1560429] logging.cc:361: PC: @     0x705175925e7b  (unknown)  munmap
[2026-09-10 08:59:00,594 E 1560429 1560429] logging.cc:361:     @     0x705175845330  1696836816  (unknown)
[2026-09-10 08:59:00,594 E 1560429 1560429] logging.cc:361:     @     0x70515cc665c7  (unknown)  at::MapAllocator::~MapAllocator()
[2026-09-10 08:59:00,594 E 1560429 1560429] logging.cc:361:     @ ... and at least 5 more frames
[2026-09-10 08:59:00,594 E 1560428 1560428] logging.cc:361:     @     0x7f93896abb70        144  (unknown)
[2026-09-10 08:59:00,594 E 1560428 1560428] logging.cc:361:     @     0x7f93896ad7f4         64  __libc_malloc
[2026-09-10 08:59:00,594 E 1560428 1560428] logging.cc:361:     @     0x5a2f1f0259d8  (unknown)  PyObject_Malloc
    @     0x5bcdb8c9b9a0  (unknown)  (unknown)
[2026-09-10 08:59:00,595 E 1560427 1560427] logging.cc:361: *** SIGTERM received at time=1789030740 on cpu 9 ***
[2026-09-10 08:59:00,595 E 1560427 1560427] logging.cc:361: PC: @     0x5bcdb8a7fb48  (unknown)  method_vectorcall_O
[2026-09-10 08:59:00,598 E 1560427 1560427] logging.cc:361:     @     0x78d77e245330  1227232064  (unknown)
[2026-09-10 08:59:00,599 E 1560428 1560428] logging.cc:361:     @     0x5a2f1f294d80  (unknown)  (unknown)
[2026-09-10 08:59:00,602 E 1560427 1560427] logging.cc:361:     @     0x5bcdb8c9b9a0  (unknown)  (unknown)

✨ All DP scenarios for P1 completed.

################################################################################
START EXPERIMENT: P21-P22 (DP)🚀
################################################################################


############################################################
🔥 Starting Parallel Runner | Mode: DP | Processes: 4
############################################################


🚀 Starting Parallel Simulation (DP) | Client1: 0.05 | Client2: 0.25
✅ Scenario Finished | C1: 0.05, C2: 0.25 | Acc: 95.88%, 95.87%

🚀 Starting Parallel Simulation (DP) | Client1: 0.05 | Client2: 0.3
✅ Scenario Finished | C1: 0.05, C2: 0.3 | Acc: 95.18%, 95.12%

🚀 Starting Parallel Simulation (DP) | Client1: 0.1 | Client2: 0.0
✅ Scenario Finished | C1: 0.1, C2: 0.0 | Acc: 96.71%, 96.68%

🚀 Starting Parallel Simulation (DP) | Client1: 0.1 | Client2: 0.05
✅ Scenario Finished | C1: 0.1, C2: 0.05 | Acc: 96.87%, 96.76%

🚀 Starting Parallel Simulation (DP) | Client1: 0.2 | Client2: 0.0
✅ Scenario Finished | C1: 0.2, C2: 0.0 | Acc: 96.80%, 96.70%

🚀 Starting Parallel Simulation (DP) | Client1: 0.2 | Client2: 0.05
✅ Scenario Finished | C1: 0.2, C2: 0.05 | Acc: 95.04%, 94.96%

🚀 Starting Parallel Simulation (DP) | Client1: 0.2 | Client2: 0.1
✅ Scenario Finished | C1: 0.2, C2: 0.1 | Acc: 95.13%, 95.17%

🚀 Starting Parallel Simulation (DP) | Client1: 0.2 | Client2: 0.15
✅ Scenario Finished | C1: 0.2, C2: 0.15 | Acc: 96.31%, 96.37%

🚀 Starting Parallel Simulation (DP) | Client1: 0.25 | Client2: 0.05
✅ Scenario Finished | C1: 0.25, C2: 0.05 | Acc: 96.56%, 96.42%

🚀 Starting Parallel Simulation (DP) | Client1: 0.25 | Client2: 0.1
✅ Scenario Finished | C1: 0.25, C2: 0.1 | Acc: 96.62%, 96.64%

🚀 Starting Parallel Simulation (DP) | Client1: 0.25 | Client2: 0.15
✅ Scenario Finished | C1: 0.25, C2: 0.15 | Acc: 96.32%, 96.35%

🚀 Starting Parallel Simulation (DP) | Client1: 0.25 | Client2: 0.2
✅ Scenario Finished | C1: 0.25, C2: 0.2 | Acc: 94.61%, 94.62%

🚀 Starting Parallel Simulation (DP) | Client1: 0.05 | Client2: 0.05
✅ Scenario Finished | C1: 0.05, C2: 0.05 | Acc: 95.28%, 95.13%

🚀 Starting Parallel Simulation (DP) | Client1: 0.05 | Client2: 0.1
✅ Scenario Finished | C1: 0.05, C2: 0.1 | Acc: 95.50%, 95.50%

🚀 Starting Parallel Simulation (DP) | Client1: 0.05 | Client2: 0.15
✅ Scenario Finished | C1: 0.05, C2: 0.15 | Acc: 95.27%, 95.23%

🚀 Starting Parallel Simulation (DP) | Client1: 0.05 | Client2: 0.2
✅ Scenario Finished | C1: 0.05, C2: 0.2 | Acc: 95.37%, 95.43%

🚀 Starting Parallel Simulation (DP) | Client1: 0.15 | Client2: 0.15
✅ Scenario Finished | C1: 0.15, C2: 0.15 | Acc: 95.08%, 95.28%

🚀 Starting Parallel Simulation (DP) | Client1: 0.15 | Client2: 0.2
✅ Scenario Finished | C1: 0.15, C2: 0.2 | Acc: 96.50%, 96.46%

🚀 Starting Parallel Simulation (DP) | Client1: 0.15 | Client2: 0.25
✅ Scenario Finished | C1: 0.15, C2: 0.25 | Acc: 95.34%, 95.19%

🚀 Starting Parallel Simulation (DP) | Client1: 0.15 | Client2: 0.3
✅ Scenario Finished | C1: 0.15, C2: 0.3 | Acc: 94.01%, 93.83%

🚀 Starting Parallel Simulation (DP) | Client1: 0.25 | Client2: 0.25
✅ Scenario Finished | C1: 0.25, C2: 0.25 | Acc: 95.04%, 95.12%

🚀 Starting Parallel Simulation (DP) | Client1: 0.25 | Client2: 0.3
✅ Scenario Finished | C1: 0.25, C2: 0.3 | Acc: 95.01%, 95.04%

🚀 Starting Parallel Simulation (DP) | Client1: 0.3 | Client2: 0.0
✅ Scenario Finished | C1: 0.3, C2: 0.0 | Acc: 96.63%, 96.69%

🚀 Starting Parallel Simulation (DP) | Client1: 0.3 | Client2: 0.05
✅ Scenario Finished | C1: 0.3, C2: 0.05 | Acc: 95.24%, 95.15%
*** SIGTERM received at time=1789039063 on cpu 7 ***
*** SIGTERM received at time=1789039063 on cpu 9 ***
*** SIGTERM received at time=1789039063 on cpu 5 ***
*** SIGTERM received at time=1789039063 on cpu 14 ***
PC: @     0x7c9f22325e7b  (unknown)  munmap
    @     0x7c9f22245330  (unknown)  (unknown)
PC: @     0x5e54758c5295  (unknown)  meth_dealloc
    @     0x75d957c45330  (unknown)  (unknown)
    @ ... and at least 3 more frames
[2026-09-10 11:17:43,859 E 1581491 1581491] logging.cc:361: *** SIGTERM received at time=1789039063 on cpu 9 ***
[2026-09-10 11:17:43,859 E 1581491 1581491] logging.cc:361: PC: @     0x5e54758c5295  (unknown)  meth_dealloc
[2026-09-10 11:17:43,859 E 1581491 1581491] logging.cc:361:     @     0x75d957c45330  (unknown)  (unknown)
[2026-09-10 11:17:43,859 E 1581491 1581491] logging.cc:361:     @ ... and at least 3 more frames
PC: @     0x73e455698e51  (unknown)  (unknown)
    @     0x73e455645330   22058224  (unknown)
    @     0x73e4556a5098         96  (unknown)
    @     0x5b33d323d32c  (unknown)  PyThread_acquire_lock_timed
    @ ... and at least 1 more frames
[2026-09-10 11:17:43,863 E 1581488 1581488] logging.cc:361: *** SIGTERM received at time=1789039063 on cpu 5 ***
[2026-09-10 11:17:43,863 E 1581488 1581488] logging.cc:361: PC: @     0x73e455698e51  (unknown)  (unknown)
[2026-09-10 11:17:43,863 E 1581488 1581488] logging.cc:361:     @     0x73e455645330   22058224  (unknown)
[2026-09-10 11:17:43,863 E 1581488 1581488] logging.cc:361:     @     0x73e4556a5098         96  (unknown)
[2026-09-10 11:17:43,863 E 1581488 1581488] logging.cc:361:     @     0x5b33d323d32c  (unknown)  PyThread_acquire_lock_timed
[2026-09-10 11:17:43,863 E 1581488 1581488] logging.cc:361:     @ ... and at least 1 more frames
PC: @     0x5b729ad0cc19  (unknown)  PyObject_Free
    @     0x7a324f445330  (unknown)  (unknown)
    @ ... and at least 3 more frames
[2026-09-10 11:17:43,865 E 1581489 1581489] logging.cc:361: *** SIGTERM received at time=1789039063 on cpu 14 ***
[2026-09-10 11:17:43,865 E 1581489 1581489] logging.cc:361: PC: @     0x5b729ad0cc19  (unknown)  PyObject_Free
[2026-09-10 11:17:43,865 E 1581489 1581489] logging.cc:361:     @     0x7a324f445330  (unknown)  (unknown)
[2026-09-10 11:17:43,865 E 1581489 1581489] logging.cc:361:     @ ... and at least 3 more frames
    @     0x7c9f096665c7  (unknown)  at::MapAllocator::~MapAllocator()
    @ ... and at least 5 more frames
[2026-09-10 11:17:43,873 E 1581490 1581490] logging.cc:361: *** SIGTERM received at time=1789039063 on cpu 7 ***
[2026-09-10 11:17:43,873 E 1581490 1581490] logging.cc:361: PC: @     0x7c9f22325e7b  (unknown)  munmap
[2026-09-10 11:17:43,874 E 1581490 1581490] logging.cc:361:     @     0x7c9f22245330  (unknown)  (unknown)
[2026-09-10 11:17:43,874 E 1581490 1581490] logging.cc:361:     @     0x7c9f096665c7  (unknown)  at::MapAllocator::~MapAllocator()
[2026-09-10 11:17:43,874 E 1581490 1581490] logging.cc:361:     @ ... and at least 5 more frames

✨ All DP scenarios for P2 completed.

################################################################################
RUNNING MAIN FUNCTION ITERATION 9
################################################################################

Checking for existing dataset splits at:
 - dataset/half/p1.parquet
 - dataset/half/p2.parquet
Dataset splits already exist. Skipping splitting.

################################################################################
🚀 START EXPERIMENT: P1-P2 (BASELINE)🚀
################################################################################


--- Starting Lightning Local Baseline (Subdir: ) ---
🚀 [PID:1602553] Starting training for M1...
🚀 [PID:1602554] Starting training for M2...
Exception ignored in: <module 'threading' from '/home/crysys/miniconda3/envs/flower-fl-traffic/lib/python3.10/threading.py'>
Traceback (most recent call last):
  File "/home/crysys/miniconda3/envs/flower-fl-traffic/lib/python3.10/threading.py", line 1518, in _shutdown
    def _shutdown():
  File "/home/crysys/miniconda3/envs/flower-fl-traffic/lib/python3.10/site-packages/ray/_private/worker.py", line 1723, in sigterm_handler
    sys.exit(signum)
SystemExit: 15
✅ Baseline experiment completed. Data saved to: results/half/1_local_baseline/8.json

################################################################################
🚀 START EXPERIMENT: P11-P12 (BASELINE)🚀
################################################################################


--- Starting Lightning Local Baseline (Subdir: P1) ---
🚀 [PID:1602579] Starting training for M1...
Exception ignored in atexit callback: <bound method finalize._exitfunc of <class 'weakref.finalize'>>
Traceback (most recent call last):
  File "/home/crysys/miniconda3/envs/flower-fl-traffic/lib/python3.10/weakref.py", line 657, in _exitfunc
🚀 [PID:1602578] Starting training for M2...
    pending = cls._select_for_exit()
  File "/home/crysys/miniconda3/envs/flower-fl-traffic/lib/python3.10/weakref.py", line 639, in _select_for_exit
    L.sort(key=lambda item:item[1].index)
  File "/home/crysys/miniconda3/envs/flower-fl-traffic/lib/python3.10/site-packages/ray/_private/worker.py", line 1723, in sigterm_handler
    sys.exit(signum)
SystemExit: 15
✅ Baseline experiment completed. Data saved to: results/half/1_local_baseline/P1/8.json

################################################################################
🚀 START EXPERIMENT: P21-P22 (BASELINE)🚀
################################################################################


--- Starting Lightning Local Baseline (Subdir: P2) ---
🚀 [PID:1602605] Starting training for M1...
🚀 [PID:1602606] Starting training for M2...
Exception ignored in atexit callback: <function dump_compile_times at 0x756aa5a79240>
Traceback (most recent call last):
  File "/home/crysys/miniconda3/envs/flower-fl-traffic/lib/python3.10/site-packages/torch/_dynamo/utils.py", line 910, in dump_compile_times
Exception ignored in atexit callback: <function dump_compile_times at 0x72506d491240>
Traceback (most recent call last):
  File "/home/crysys/miniconda3/envs/flower-fl-traffic/lib/python3.10/site-packages/torch/_dynamo/utils.py", line 910, in dump_compile_times
    log.info(compile_times(repr="str", aggregate=True))
  File "/home/crysys/miniconda3/envs/flower-fl-traffic/lib/python3.10/site-packages/torch/_dynamo/utils.py", line 896, in compile_times
    out += tabulate(rows, headers=("Function", "Runtimes (s)"))
  File "/home/crysys/miniconda3/envs/flower-fl-traffic/lib/python3.10/site-packages/torch/_dynamo/utils.py", line 244, in tabulate
    import tabulate
  File "<frozen importlib._bootstrap>", line 1027, in _find_and_load
  File "<frozen importlib._bootstrap>", line 1002, in _find_and_load_unlocked
  File "<frozen importlib._bootstrap>", line 945, in _find_spec
  File "<frozen importlib._bootstrap_external>", line 1439, in find_spec
  File "<frozen importlib._bootstrap_external>", line 1411, in _get_spec
  File "<frozen importlib._bootstrap_external>", line 1544, in find_spec
  File "<frozen importlib._bootstrap_external>", line 147, in _path_stat
  File "/home/crysys/miniconda3/envs/flower-fl-traffic/lib/python3.10/site-packages/ray/_private/worker.py", line 1723, in sigterm_handler
    sys.exit(signum)
SystemExit: 15
    log.info(compile_times(repr="str", aggregate=True))
  File "/home/crysys/miniconda3/envs/flower-fl-traffic/lib/python3.10/site-packages/torch/_dynamo/utils.py", line 896, in compile_times
    out += tabulate(rows, headers=("Function", "Runtimes (s)"))
  File "/home/crysys/miniconda3/envs/flower-fl-traffic/lib/python3.10/site-packages/torch/_dynamo/utils.py", line 244, in tabulate
    import tabulate
  File "<frozen importlib._bootstrap>", line 1027, in _find_and_load
  File "<frozen importlib._bootstrap>", line 1002, in _find_and_load_unlocked
  File "<frozen importlib._bootstrap>", line 945, in _find_spec
  File "/home/crysys/miniconda3/envs/flower-fl-traffic/lib/python3.10/site-packages/_distutils_hack/__init__.py", line 88, in find_spec
    method_name = 'spec_for_{fullname}'.format(**locals())
  File "/home/crysys/miniconda3/envs/flower-fl-traffic/lib/python3.10/site-packages/ray/_private/worker.py", line 1723, in sigterm_handler
    sys.exit(signum)
SystemExit: 15
✅ Baseline experiment completed. Data saved to: results/half/1_local_baseline/P2/8.json

################################################################################
START EXPERIMENT: P1-P2 (DP)🚀
################################################################################


############################################################
🔥 Starting Parallel Runner | Mode: DP | Processes: 4
############################################################

ERROR flwr 2026-09-10 13:01:03,587 | ray_client_proxy.py:161 | Traceback (most recent call last):
  File "/home/crysys/miniconda3/envs/flower-fl-traffic/lib/python3.10/site-packages/flwr/simulation/ray_transport/ray_client_proxy.py", line 151, in _submit_job
    res, updated_context = self.actor_pool.get_client_result(self.cid, timeout)
  File "/home/crysys/miniconda3/envs/flower-fl-traffic/lib/python3.10/site-packages/flwr/simulation/ray_transport/ray_actor.py", line 418, in get_client_result
    self.process_unordered_future(timeout=timeout)
  File "/home/crysys/miniconda3/envs/flower-fl-traffic/lib/python3.10/site-packages/flwr/simulation/ray_transport/ray_actor.py", line 398, in process_unordered_future
    if self._check_actor_fits_in_pool():
  File "/home/crysys/miniconda3/envs/flower-fl-traffic/lib/python3.10/site-packages/flwr/simulation/ray_transport/ray_actor.py", line 361, in _check_actor_fits_in_pool
    num_actors_updated = pool_size_from_resources(self.client_resources)
  File "/home/crysys/miniconda3/envs/flower-fl-traffic/lib/python3.10/site-packages/flwr/simulation/ray_transport/ray_actor.py", line 155, in pool_size_from_resources
    num_cpus,
UnboundLocalError: local variable 'num_cpus' referenced before assignment

ERROR flwr 2026-09-10 13:01:03,588 | ray_client_proxy.py:162 | local variable 'num_cpus' referenced before assignment
ERROR flwr 2026-09-10 13:01:03,588 | ray_client_proxy.py:161 | Traceback (most recent call last):
  File "/home/crysys/miniconda3/envs/flower-fl-traffic/lib/python3.10/site-packages/flwr/simulation/ray_transport/ray_client_proxy.py", line 151, in _submit_job
    res, updated_context = self.actor_pool.get_client_result(self.cid, timeout)
  File "/home/crysys/miniconda3/envs/flower-fl-traffic/lib/python3.10/site-packages/flwr/simulation/ray_transport/ray_actor.py", line 418, in get_client_result
    self.process_unordered_future(timeout=timeout)
  File "/home/crysys/miniconda3/envs/flower-fl-traffic/lib/python3.10/site-packages/flwr/simulation/ray_transport/ray_actor.py", line 398, in process_unordered_future
    if self._check_actor_fits_in_pool():
  File "/home/crysys/miniconda3/envs/flower-fl-traffic/lib/python3.10/site-packages/flwr/simulation/ray_transport/ray_actor.py", line 361, in _check_actor_fits_in_pool
    num_actors_updated = pool_size_from_resources(self.client_resources)
  File "/home/crysys/miniconda3/envs/flower-fl-traffic/lib/python3.10/site-packages/flwr/simulation/ray_transport/ray_actor.py", line 155, in pool_size_from_resources
    num_cpus,
UnboundLocalError: local variable 'num_cpus' referenced before assignment

ERROR flwr 2026-09-10 13:01:03,589 | ray_client_proxy.py:162 | local variable 'num_cpus' referenced before assignment
ERROR flwr 2026-09-10 13:01:03,597 | ray_client_proxy.py:161 | Traceback (most recent call last):
  File "/home/crysys/miniconda3/envs/flower-fl-traffic/lib/python3.10/site-packages/flwr/simulation/ray_transport/ray_client_proxy.py", line 151, in _submit_job
    res, updated_context = self.actor_pool.get_client_result(self.cid, timeout)
  File "/home/crysys/miniconda3/envs/flower-fl-traffic/lib/python3.10/site-packages/flwr/simulation/ray_transport/ray_actor.py", line 425, in get_client_result
    return self._fetch_future_result(cid)
  File "/home/crysys/miniconda3/envs/flower-fl-traffic/lib/python3.10/site-packages/flwr/simulation/ray_transport/ray_actor.py", line 306, in _fetch_future_result
    res_cid, res, updated_context = ray.get(
  File "/home/crysys/miniconda3/envs/flower-fl-traffic/lib/python3.10/site-packages/ray/_private/auto_init_hook.py", line 24, in auto_init_wrapper
    return fn(*args, **kwargs)
  File "/home/crysys/miniconda3/envs/flower-fl-traffic/lib/python3.10/site-packages/ray/_private/client_mode_hook.py", line 103, in wrapper
    return func(*args, **kwargs)
  File "/home/crysys/miniconda3/envs/flower-fl-traffic/lib/python3.10/site-packages/ray/_private/worker.py", line 2513, in get
    raise ValueError(
ValueError: 'object_refs' must either be an ObjectRef or a list of ObjectRefs.

ERROR flwr 2026-09-10 13:01:03,598 | ray_client_proxy.py:161 | Traceback (most recent call last):
  File "/home/crysys/miniconda3/envs/flower-fl-traffic/lib/python3.10/site-packages/flwr/simulation/ray_transport/ray_client_proxy.py", line 151, in _submit_job
    res, updated_context = self.actor_pool.get_client_result(self.cid, timeout)
  File "/home/crysys/miniconda3/envs/flower-fl-traffic/lib/python3.10/site-packages/flwr/simulation/ray_transport/ray_actor.py", line 425, in get_client_result
    return self._fetch_future_result(cid)
  File "/home/crysys/miniconda3/envs/flower-fl-traffic/lib/python3.10/site-packages/flwr/simulation/ray_transport/ray_actor.py", line 306, in _fetch_future_result
    res_cid, res, updated_context = ray.get(
  File "/home/crysys/miniconda3/envs/flower-fl-traffic/lib/python3.10/site-packages/ray/_private/auto_init_hook.py", line 24, in auto_init_wrapper
    return fn(*args, **kwargs)
  File "/home/crysys/miniconda3/envs/flower-fl-traffic/lib/python3.10/site-packages/ray/_private/client_mode_hook.py", line 103, in wrapper
    return func(*args, **kwargs)
  File "/home/crysys/miniconda3/envs/flower-fl-traffic/lib/python3.10/site-packages/ray/_private/worker.py", line 2513, in get
    raise ValueError(
ValueError: 'object_refs' must either be an ObjectRef or a list of ObjectRefs.

ERROR flwr 2026-09-10 13:01:03,599 | ray_client_proxy.py:162 | 'object_refs' must either be an ObjectRef or a list of ObjectRefs.
ERROR flwr 2026-09-10 13:01:03,599 | ray_client_proxy.py:162 | 'object_refs' must either be an ObjectRef or a list of ObjectRefs.
ERROR flwr 2026-09-10 13:01:03,602 | ray_client_proxy.py:161 | Traceback (most recent call last):
  File "/home/crysys/miniconda3/envs/flower-fl-traffic/lib/python3.10/site-packages/flwr/simulation/ray_transport/ray_client_proxy.py", line 151, in _submit_job
    res, updated_context = self.actor_pool.get_client_result(self.cid, timeout)
  File "/home/crysys/miniconda3/envs/flower-fl-traffic/lib/python3.10/site-packages/flwr/simulation/ray_transport/ray_actor.py", line 425, in get_client_result
    return self._fetch_future_result(cid)
  File "/home/crysys/miniconda3/envs/flower-fl-traffic/lib/python3.10/site-packages/flwr/simulation/ray_transport/ray_actor.py", line 306, in _fetch_future_result
    res_cid, res, updated_context = ray.get(
  File "/home/crysys/miniconda3/envs/flower-fl-traffic/lib/python3.10/site-packages/ray/_private/auto_init_hook.py", line 24, in auto_init_wrapper
    return fn(*args, **kwargs)
  File "/home/crysys/miniconda3/envs/flower-fl-traffic/lib/python3.10/site-packages/ray/_private/client_mode_hook.py", line 103, in wrapper
    return func(*args, **kwargs)
  File "/home/crysys/miniconda3/envs/flower-fl-traffic/lib/python3.10/site-packages/ray/_private/worker.py", line 2513, in get
    raise ValueError(
ValueError: 'object_refs' must either be an ObjectRef or a list of ObjectRefs.

ERROR flwr 2026-09-10 13:01:03,602 | ray_client_proxy.py:162 | 'object_refs' must either be an ObjectRef or a list of ObjectRefs.
ERROR flwr 2026-09-10 13:01:03,602 | ray_client_proxy.py:161 | Traceback (most recent call last):
  File "/home/crysys/miniconda3/envs/flower-fl-traffic/lib/python3.10/site-packages/flwr/simulation/ray_transport/ray_client_proxy.py", line 151, in _submit_job
    res, updated_context = self.actor_pool.get_client_result(self.cid, timeout)
  File "/home/crysys/miniconda3/envs/flower-fl-traffic/lib/python3.10/site-packages/flwr/simulation/ray_transport/ray_actor.py", line 425, in get_client_result
    return self._fetch_future_result(cid)
  File "/home/crysys/miniconda3/envs/flower-fl-traffic/lib/python3.10/site-packages/flwr/simulation/ray_transport/ray_actor.py", line 306, in _fetch_future_result
    res_cid, res, updated_context = ray.get(
  File "/home/crysys/miniconda3/envs/flower-fl-traffic/lib/python3.10/site-packages/ray/_private/auto_init_hook.py", line 24, in auto_init_wrapper
    return fn(*args, **kwargs)
  File "/home/crysys/miniconda3/envs/flower-fl-traffic/lib/python3.10/site-packages/ray/_private/client_mode_hook.py", line 103, in wrapper
    return func(*args, **kwargs)
  File "/home/crysys/miniconda3/envs/flower-fl-traffic/lib/python3.10/site-packages/ray/_private/worker.py", line 2513, in get
    raise ValueError(
ValueError: 'object_refs' must either be an ObjectRef or a list of ObjectRefs.

ERROR flwr 2026-09-10 13:01:03,603 | ray_client_proxy.py:162 | 'object_refs' must either be an ObjectRef or a list of ObjectRefs.
ERROR flwr 2026-09-10 13:01:03,607 | ray_client_proxy.py:161 | Traceback (most recent call last):
  File "/home/crysys/miniconda3/envs/flower-fl-traffic/lib/python3.10/site-packages/flwr/simulation/ray_transport/ray_client_proxy.py", line 151, in _submit_job
    res, updated_context = self.actor_pool.get_client_result(self.cid, timeout)
  File "/home/crysys/miniconda3/envs/flower-fl-traffic/lib/python3.10/site-packages/flwr/simulation/ray_transport/ray_actor.py", line 425, in get_client_result
    return self._fetch_future_result(cid)
  File "/home/crysys/miniconda3/envs/flower-fl-traffic/lib/python3.10/site-packages/flwr/simulation/ray_transport/ray_actor.py", line 306, in _fetch_future_result
    res_cid, res, updated_context = ray.get(
  File "/home/crysys/miniconda3/envs/flower-fl-traffic/lib/python3.10/site-packages/ray/_private/auto_init_hook.py", line 24, in auto_init_wrapper
    return fn(*args, **kwargs)
  File "/home/crysys/miniconda3/envs/flower-fl-traffic/lib/python3.10/site-packages/ray/_private/client_mode_hook.py", line 103, in wrapper
    return func(*args, **kwargs)
  File "/home/crysys/miniconda3/envs/flower-fl-traffic/lib/python3.10/site-packages/ray/_private/worker.py", line 2513, in get
    raise ValueError(
ValueError: 'object_refs' must either be an ObjectRef or a list of ObjectRefs.

ERROR flwr 2026-09-10 13:01:03,607 | ray_client_proxy.py:162 | 'object_refs' must either be an ObjectRef or a list of ObjectRefs.
ERROR flwr 2026-09-10 13:01:03,607 | ray_client_proxy.py:161 | Traceback (most recent call last):
  File "/home/crysys/miniconda3/envs/flower-fl-traffic/lib/python3.10/site-packages/flwr/simulation/ray_transport/ray_client_proxy.py", line 151, in _submit_job
    res, updated_context = self.actor_pool.get_client_result(self.cid, timeout)
  File "/home/crysys/miniconda3/envs/flower-fl-traffic/lib/python3.10/site-packages/flwr/simulation/ray_transport/ray_actor.py", line 425, in get_client_result
    return self._fetch_future_result(cid)
  File "/home/crysys/miniconda3/envs/flower-fl-traffic/lib/python3.10/site-packages/flwr/simulation/ray_transport/ray_actor.py", line 306, in _fetch_future_result
    res_cid, res, updated_context = ray.get(
  File "/home/crysys/miniconda3/envs/flower-fl-traffic/lib/python3.10/site-packages/ray/_private/auto_init_hook.py", line 24, in auto_init_wrapper
    return fn(*args, **kwargs)
  File "/home/crysys/miniconda3/envs/flower-fl-traffic/lib/python3.10/site-packages/ray/_private/client_mode_hook.py", line 103, in wrapper
    return func(*args, **kwargs)
  File "/home/crysys/miniconda3/envs/flower-fl-traffic/lib/python3.10/site-packages/ray/_private/worker.py", line 2513, in get
    raise ValueError(
ValueError: 'object_refs' must either be an ObjectRef or a list of ObjectRefs.

ERROR flwr 2026-09-10 13:01:03,608 | ray_client_proxy.py:162 | 'object_refs' must either be an ObjectRef or a list of ObjectRefs.
ERROR flwr 2026-09-10 13:01:03,610 | ray_client_proxy.py:161 | Traceback (most recent call last):
  File "/home/crysys/miniconda3/envs/flower-fl-traffic/lib/python3.10/site-packages/flwr/simulation/ray_transport/ray_client_proxy.py", line 151, in _submit_job
    res, updated_context = self.actor_pool.get_client_result(self.cid, timeout)
  File "/home/crysys/miniconda3/envs/flower-fl-traffic/lib/python3.10/site-packages/flwr/simulation/ray_transport/ray_actor.py", line 425, in get_client_result
    return self._fetch_future_result(cid)
  File "/home/crysys/miniconda3/envs/flower-fl-traffic/lib/python3.10/site-packages/flwr/simulation/ray_transport/ray_actor.py", line 306, in _fetch_future_result
    res_cid, res, updated_context = ray.get(
  File "/home/crysys/miniconda3/envs/flower-fl-traffic/lib/python3.10/site-packages/ray/_private/auto_init_hook.py", line 24, in auto_init_wrapper
    return fn(*args, **kwargs)
  File "/home/crysys/miniconda3/envs/flower-fl-traffic/lib/python3.10/site-packages/ray/_private/client_mode_hook.py", line 103, in wrapper
    return func(*args, **kwargs)
  File "/home/crysys/miniconda3/envs/flower-fl-traffic/lib/python3.10/site-packages/ray/_private/worker.py", line 2513, in get
    raise ValueError(
ValueError: 'object_refs' must either be an ObjectRef or a list of ObjectRefs.

ERROR flwr 2026-09-10 13:01:03,610 | ray_client_proxy.py:162 | 'object_refs' must either be an ObjectRef or a list of ObjectRefs.
ERROR flwr 2026-09-10 13:01:03,610 | ray_client_proxy.py:161 | Traceback (most recent call last):
  File "/home/crysys/miniconda3/envs/flower-fl-traffic/lib/python3.10/site-packages/flwr/simulation/ray_transport/ray_client_proxy.py", line 151, in _submit_job
    res, updated_context = self.actor_pool.get_client_result(self.cid, timeout)
  File "/home/crysys/miniconda3/envs/flower-fl-traffic/lib/python3.10/site-packages/flwr/simulation/ray_transport/ray_actor.py", line 425, in get_client_result
    return self._fetch_future_result(cid)
  File "/home/crysys/miniconda3/envs/flower-fl-traffic/lib/python3.10/site-packages/flwr/simulation/ray_transport/ray_actor.py", line 306, in _fetch_future_result
    res_cid, res, updated_context = ray.get(
  File "/home/crysys/miniconda3/envs/flower-fl-traffic/lib/python3.10/site-packages/ray/_private/auto_init_hook.py", line 24, in auto_init_wrapper
    return fn(*args, **kwargs)
  File "/home/crysys/miniconda3/envs/flower-fl-traffic/lib/python3.10/site-packages/ray/_private/client_mode_hook.py", line 103, in wrapper
    return func(*args, **kwargs)
  File "/home/crysys/miniconda3/envs/flower-fl-traffic/lib/python3.10/site-packages/ray/_private/worker.py", line 2513, in get
    raise ValueError(
ValueError: 'object_refs' must either be an ObjectRef or a list of ObjectRefs.

ERROR flwr 2026-09-10 13:01:03,611 | ray_client_proxy.py:162 | 'object_refs' must either be an ObjectRef or a list of ObjectRefs.
ERROR flwr 2026-09-10 13:01:03,612 | ray_client_proxy.py:161 | Traceback (most recent call last):
  File "/home/crysys/miniconda3/envs/flower-fl-traffic/lib/python3.10/site-packages/flwr/simulation/ray_transport/ray_client_proxy.py", line 151, in _submit_job
    res, updated_context = self.actor_pool.get_client_result(self.cid, timeout)
  File "/home/crysys/miniconda3/envs/flower-fl-traffic/lib/python3.10/site-packages/flwr/simulation/ray_transport/ray_actor.py", line 425, in get_client_result
    return self._fetch_future_result(cid)
  File "/home/crysys/miniconda3/envs/flower-fl-traffic/lib/python3.10/site-packages/flwr/simulation/ray_transport/ray_actor.py", line 306, in _fetch_future_result
    res_cid, res, updated_context = ray.get(
  File "/home/crysys/miniconda3/envs/flower-fl-traffic/lib/python3.10/site-packages/ray/_private/auto_init_hook.py", line 24, in auto_init_wrapper
    return fn(*args, **kwargs)
  File "/home/crysys/miniconda3/envs/flower-fl-traffic/lib/python3.10/site-packages/ray/_private/client_mode_hook.py", line 103, in wrapper
    return func(*args, **kwargs)
  File "/home/crysys/miniconda3/envs/flower-fl-traffic/lib/python3.10/site-packages/ray/_private/worker.py", line 2513, in get
    raise ValueError(
ValueError: 'object_refs' must either be an ObjectRef or a list of ObjectRefs.

ERROR flwr 2026-09-10 13:01:03,613 | ray_client_proxy.py:162 | 'object_refs' must either be an ObjectRef or a list of ObjectRefs.
ERROR flwr 2026-09-10 13:01:03,613 | ray_client_proxy.py:161 | Traceback (most recent call last):
  File "/home/crysys/miniconda3/envs/flower-fl-traffic/lib/python3.10/site-packages/flwr/simulation/ray_transport/ray_client_proxy.py", line 151, in _submit_job
    res, updated_context = self.actor_pool.get_client_result(self.cid, timeout)
  File "/home/crysys/miniconda3/envs/flower-fl-traffic/lib/python3.10/site-packages/flwr/simulation/ray_transport/ray_actor.py", line 425, in get_client_result
    return self._fetch_future_result(cid)
  File "/home/crysys/miniconda3/envs/flower-fl-traffic/lib/python3.10/site-packages/flwr/simulation/ray_transport/ray_actor.py", line 306, in _fetch_future_result
    res_cid, res, updated_context = ray.get(
  File "/home/crysys/miniconda3/envs/flower-fl-traffic/lib/python3.10/site-packages/ray/_private/auto_init_hook.py", line 24, in auto_init_wrapper
    return fn(*args, **kwargs)
  File "/home/crysys/miniconda3/envs/flower-fl-traffic/lib/python3.10/site-packages/ray/_private/client_mode_hook.py", line 103, in wrapper
    return func(*args, **kwargs)
  File "/home/crysys/miniconda3/envs/flower-fl-traffic/lib/python3.10/site-packages/ray/_private/worker.py", line 2513, in get
    raise ValueError(
ValueError: 'object_refs' must either be an ObjectRef or a list of ObjectRefs.

ERROR flwr 2026-09-10 13:01:03,613 | ray_client_proxy.py:162 | 'object_refs' must either be an ObjectRef or a list of ObjectRefs.
ERROR flwr 2026-09-10 13:01:03,615 | ray_client_proxy.py:161 | Traceback (most recent call last):
  File "/home/crysys/miniconda3/envs/flower-fl-traffic/lib/python3.10/site-packages/flwr/simulation/ray_transport/ray_client_proxy.py", line 151, in _submit_job
    res, updated_context = self.actor_pool.get_client_result(self.cid, timeout)
  File "/home/crysys/miniconda3/envs/flower-fl-traffic/lib/python3.10/site-packages/flwr/simulation/ray_transport/ray_actor.py", line 425, in get_client_result
    return self._fetch_future_result(cid)
  File "/home/crysys/miniconda3/envs/flower-fl-traffic/lib/python3.10/site-packages/flwr/simulation/ray_transport/ray_actor.py", line 306, in _fetch_future_result
    res_cid, res, updated_context = ray.get(
  File "/home/crysys/miniconda3/envs/flower-fl-traffic/lib/python3.10/site-packages/ray/_private/auto_init_hook.py", line 24, in auto_init_wrapper
    return fn(*args, **kwargs)
  File "/home/crysys/miniconda3/envs/flower-fl-traffic/lib/python3.10/site-packages/ray/_private/client_mode_hook.py", line 103, in wrapper
    return func(*args, **kwargs)
  File "/home/crysys/miniconda3/envs/flower-fl-traffic/lib/python3.10/site-packages/ray/_private/worker.py", line 2513, in get
    raise ValueError(
ValueError: 'object_refs' must either be an ObjectRef or a list of ObjectRefs.

ERROR flwr 2026-09-10 13:01:03,615 | ray_client_proxy.py:162 | 'object_refs' must either be an ObjectRef or a list of ObjectRefs.
ERROR flwr 2026-09-10 13:01:03,616 | ray_client_proxy.py:161 | Traceback (most recent call last):
  File "/home/crysys/miniconda3/envs/flower-fl-traffic/lib/python3.10/site-packages/flwr/simulation/ray_transport/ray_client_proxy.py", line 151, in _submit_job
    res, updated_context = self.actor_pool.get_client_result(self.cid, timeout)
  File "/home/crysys/miniconda3/envs/flower-fl-traffic/lib/python3.10/site-packages/flwr/simulation/ray_transport/ray_actor.py", line 425, in get_client_result
    return self._fetch_future_result(cid)
  File "/home/crysys/miniconda3/envs/flower-fl-traffic/lib/python3.10/site-packages/flwr/simulation/ray_transport/ray_actor.py", line 306, in _fetch_future_result
    res_cid, res, updated_context = ray.get(
  File "/home/crysys/miniconda3/envs/flower-fl-traffic/lib/python3.10/site-packages/ray/_private/auto_init_hook.py", line 24, in auto_init_wrapper
    return fn(*args, **kwargs)
  File "/home/crysys/miniconda3/envs/flower-fl-traffic/lib/python3.10/site-packages/ray/_private/client_mode_hook.py", line 103, in wrapper
    return func(*args, **kwargs)
  File "/home/crysys/miniconda3/envs/flower-fl-traffic/lib/python3.10/site-packages/ray/_private/worker.py", line 2513, in get
    raise ValueError(
ValueError: 'object_refs' must either be an ObjectRef or a list of ObjectRefs.

ERROR flwr 2026-09-10 13:01:03,616 | ray_client_proxy.py:162 | 'object_refs' must either be an ObjectRef or a list of ObjectRefs.
ERROR flwr 2026-09-10 13:01:03,618 | ray_client_proxy.py:161 | Traceback (most recent call last):
  File "/home/crysys/miniconda3/envs/flower-fl-traffic/lib/python3.10/site-packages/flwr/simulation/ray_transport/ray_client_proxy.py", line 151, in _submit_job
    res, updated_context = self.actor_pool.get_client_result(self.cid, timeout)
  File "/home/crysys/miniconda3/envs/flower-fl-traffic/lib/python3.10/site-packages/flwr/simulation/ray_transport/ray_actor.py", line 425, in get_client_result
    return self._fetch_future_result(cid)
  File "/home/crysys/miniconda3/envs/flower-fl-traffic/lib/python3.10/site-packages/flwr/simulation/ray_transport/ray_actor.py", line 306, in _fetch_future_result
    res_cid, res, updated_context = ray.get(
  File "/home/crysys/miniconda3/envs/flower-fl-traffic/lib/python3.10/site-packages/ray/_private/auto_init_hook.py", line 24, in auto_init_wrapper
    return fn(*args, **kwargs)
  File "/home/crysys/miniconda3/envs/flower-fl-traffic/lib/python3.10/site-packages/ray/_private/client_mode_hook.py", line 103, in wrapper
    return func(*args, **kwargs)
  File "/home/crysys/miniconda3/envs/flower-fl-traffic/lib/python3.10/site-packages/ray/_private/worker.py", line 2513, in get
    raise ValueError(
ValueError: 'object_refs' must either be an ObjectRef or a list of ObjectRefs.

ERROR flwr 2026-09-10 13:01:03,618 | ray_client_proxy.py:161 | Traceback (most recent call last):
  File "/home/crysys/miniconda3/envs/flower-fl-traffic/lib/python3.10/site-packages/flwr/simulation/ray_transport/ray_client_proxy.py", line 151, in _submit_job
    res, updated_context = self.actor_pool.get_client_result(self.cid, timeout)
  File "/home/crysys/miniconda3/envs/flower-fl-traffic/lib/python3.10/site-packages/flwr/simulation/ray_transport/ray_actor.py", line 425, in get_client_result
    return self._fetch_future_result(cid)
  File "/home/crysys/miniconda3/envs/flower-fl-traffic/lib/python3.10/site-packages/flwr/simulation/ray_transport/ray_actor.py", line 306, in _fetch_future_result
    res_cid, res, updated_context = ray.get(
  File "/home/crysys/miniconda3/envs/flower-fl-traffic/lib/python3.10/site-packages/ray/_private/auto_init_hook.py", line 24, in auto_init_wrapper
    return fn(*args, **kwargs)
  File "/home/crysys/miniconda3/envs/flower-fl-traffic/lib/python3.10/site-packages/ray/_private/client_mode_hook.py", line 103, in wrapper
    return func(*args, **kwargs)
  File "/home/crysys/miniconda3/envs/flower-fl-traffic/lib/python3.10/site-packages/ray/_private/worker.py", line 2513, in get
    raise ValueError(
ValueError: 'object_refs' must either be an ObjectRef or a list of ObjectRefs.

ERROR flwr 2026-09-10 13:01:03,619 | ray_client_proxy.py:162 | 'object_refs' must either be an ObjectRef or a list of ObjectRefs.
ERROR flwr 2026-09-10 13:01:03,619 | ray_client_proxy.py:162 | 'object_refs' must either be an ObjectRef or a list of ObjectRefs.
ERROR flwr 2026-09-10 13:01:03,621 | ray_client_proxy.py:161 | Traceback (most recent call last):
  File "/home/crysys/miniconda3/envs/flower-fl-traffic/lib/python3.10/site-packages/flwr/simulation/ray_transport/ray_client_proxy.py", line 151, in _submit_job
    res, updated_context = self.actor_pool.get_client_result(self.cid, timeout)
  File "/home/crysys/miniconda3/envs/flower-fl-traffic/lib/python3.10/site-packages/flwr/simulation/ray_transport/ray_actor.py", line 425, in get_client_result
    return self._fetch_future_result(cid)
  File "/home/crysys/miniconda3/envs/flower-fl-traffic/lib/python3.10/site-packages/flwr/simulation/ray_transport/ray_actor.py", line 306, in _fetch_future_result
    res_cid, res, updated_context = ray.get(
  File "/home/crysys/miniconda3/envs/flower-fl-traffic/lib/python3.10/site-packages/ray/_private/auto_init_hook.py", line 24, in auto_init_wrapper
    return fn(*args, **kwargs)
  File "/home/crysys/miniconda3/envs/flower-fl-traffic/lib/python3.10/site-packages/ray/_private/client_mode_hook.py", line 103, in wrapper
    return func(*args, **kwargs)
  File "/home/crysys/miniconda3/envs/flower-fl-traffic/lib/python3.10/site-packages/ray/_private/worker.py", line 2513, in get
    raise ValueError(
ValueError: 'object_refs' must either be an ObjectRef or a list of ObjectRefs.

ERROR flwr 2026-09-10 13:01:03,621 | ray_client_proxy.py:162 | 'object_refs' must either be an ObjectRef or a list of ObjectRefs.
ERROR flwr 2026-09-10 13:01:03,621 | ray_client_proxy.py:161 | Traceback (most recent call last):
  File "/home/crysys/miniconda3/envs/flower-fl-traffic/lib/python3.10/site-packages/flwr/simulation/ray_transport/ray_client_proxy.py", line 151, in _submit_job
    res, updated_context = self.actor_pool.get_client_result(self.cid, timeout)
  File "/home/crysys/miniconda3/envs/flower-fl-traffic/lib/python3.10/site-packages/flwr/simulation/ray_transport/ray_actor.py", line 425, in get_client_result
    return self._fetch_future_result(cid)
  File "/home/crysys/miniconda3/envs/flower-fl-traffic/lib/python3.10/site-packages/flwr/simulation/ray_transport/ray_actor.py", line 306, in _fetch_future_result
    res_cid, res, updated_context = ray.get(
  File "/home/crysys/miniconda3/envs/flower-fl-traffic/lib/python3.10/site-packages/ray/_private/auto_init_hook.py", line 24, in auto_init_wrapper
    return fn(*args, **kwargs)
  File "/home/crysys/miniconda3/envs/flower-fl-traffic/lib/python3.10/site-packages/ray/_private/client_mode_hook.py", line 103, in wrapper
    return func(*args, **kwargs)
  File "/home/crysys/miniconda3/envs/flower-fl-traffic/lib/python3.10/site-packages/ray/_private/worker.py", line 2513, in get
    raise ValueError(
ValueError: 'object_refs' must either be an ObjectRef or a list of ObjectRefs.

ERROR flwr 2026-09-10 13:01:03,622 | ray_client_proxy.py:162 | 'object_refs' must either be an ObjectRef or a list of ObjectRefs.
ERROR flwr 2026-09-10 13:01:03,623 | ray_client_proxy.py:161 | Traceback (most recent call last):
  File "/home/crysys/miniconda3/envs/flower-fl-traffic/lib/python3.10/site-packages/flwr/simulation/ray_transport/ray_client_proxy.py", line 151, in _submit_job
    res, updated_context = self.actor_pool.get_client_result(self.cid, timeout)
  File "/home/crysys/miniconda3/envs/flower-fl-traffic/lib/python3.10/site-packages/flwr/simulation/ray_transport/ray_actor.py", line 425, in get_client_result
    return self._fetch_future_result(cid)
  File "/home/crysys/miniconda3/envs/flower-fl-traffic/lib/python3.10/site-packages/flwr/simulation/ray_transport/ray_actor.py", line 306, in _fetch_future_result
    res_cid, res, updated_context = ray.get(
  File "/home/crysys/miniconda3/envs/flower-fl-traffic/lib/python3.10/site-packages/ray/_private/auto_init_hook.py", line 24, in auto_init_wrapper
    return fn(*args, **kwargs)
  File "/home/crysys/miniconda3/envs/flower-fl-traffic/lib/python3.10/site-packages/ray/_private/client_mode_hook.py", line 103, in wrapper
    return func(*args, **kwargs)
  File "/home/crysys/miniconda3/envs/flower-fl-traffic/lib/python3.10/site-packages/ray/_private/worker.py", line 2513, in get
    raise ValueError(
ValueError: 'object_refs' must either be an ObjectRef or a list of ObjectRefs.

ERROR flwr 2026-09-10 13:01:03,624 | ray_client_proxy.py:161 | Traceback (most recent call last):
  File "/home/crysys/miniconda3/envs/flower-fl-traffic/lib/python3.10/site-packages/flwr/simulation/ray_transport/ray_client_proxy.py", line 151, in _submit_job
    res, updated_context = self.actor_pool.get_client_result(self.cid, timeout)
  File "/home/crysys/miniconda3/envs/flower-fl-traffic/lib/python3.10/site-packages/flwr/simulation/ray_transport/ray_actor.py", line 425, in get_client_result
    return self._fetch_future_result(cid)
  File "/home/crysys/miniconda3/envs/flower-fl-traffic/lib/python3.10/site-packages/flwr/simulation/ray_transport/ray_actor.py", line 306, in _fetch_future_result
    res_cid, res, updated_context = ray.get(
  File "/home/crysys/miniconda3/envs/flower-fl-traffic/lib/python3.10/site-packages/ray/_private/auto_init_hook.py", line 24, in auto_init_wrapper
    return fn(*args, **kwargs)
  File "/home/crysys/miniconda3/envs/flower-fl-traffic/lib/python3.10/site-packages/ray/_private/client_mode_hook.py", line 103, in wrapper
    return func(*args, **kwargs)
  File "/home/crysys/miniconda3/envs/flower-fl-traffic/lib/python3.10/site-packages/ray/_private/worker.py", line 2513, in get
    raise ValueError(
ValueError: 'object_refs' must either be an ObjectRef or a list of ObjectRefs.

ERROR flwr 2026-09-10 13:01:03,624 | ray_client_proxy.py:162 | 'object_refs' must either be an ObjectRef or a list of ObjectRefs.
ERROR flwr 2026-09-10 13:01:03,624 | ray_client_proxy.py:162 | 'object_refs' must either be an ObjectRef or a list of ObjectRefs.
ERROR flwr 2026-09-10 13:01:03,626 | ray_client_proxy.py:161 | Traceback (most recent call last):
  File "/home/crysys/miniconda3/envs/flower-fl-traffic/lib/python3.10/site-packages/flwr/simulation/ray_transport/ray_client_proxy.py", line 151, in _submit_job
    res, updated_context = self.actor_pool.get_client_result(self.cid, timeout)
  File "/home/crysys/miniconda3/envs/flower-fl-traffic/lib/python3.10/site-packages/flwr/simulation/ray_transport/ray_actor.py", line 425, in get_client_result
    return self._fetch_future_result(cid)
  File "/home/crysys/miniconda3/envs/flower-fl-traffic/lib/python3.10/site-packages/flwr/simulation/ray_transport/ray_actor.py", line 306, in _fetch_future_result
    res_cid, res, updated_context = ray.get(
  File "/home/crysys/miniconda3/envs/flower-fl-traffic/lib/python3.10/site-packages/ray/_private/auto_init_hook.py", line 24, in auto_init_wrapper
    return fn(*args, **kwargs)
  File "/home/crysys/miniconda3/envs/flower-fl-traffic/lib/python3.10/site-packages/ray/_private/client_mode_hook.py", line 103, in wrapper
    return func(*args, **kwargs)
  File "/home/crysys/miniconda3/envs/flower-fl-traffic/lib/python3.10/site-packages/ray/_private/worker.py", line 2513, in get
    raise ValueError(
ValueError: 'object_refs' must either be an ObjectRef or a list of ObjectRefs.

ERROR flwr 2026-09-10 13:01:03,627 | ray_client_proxy.py:162 | 'object_refs' must either be an ObjectRef or a list of ObjectRefs.
ERROR flwr 2026-09-10 13:01:03,627 | ray_client_proxy.py:161 | Traceback (most recent call last):
  File "/home/crysys/miniconda3/envs/flower-fl-traffic/lib/python3.10/site-packages/flwr/simulation/ray_transport/ray_client_proxy.py", line 151, in _submit_job
    res, updated_context = self.actor_pool.get_client_result(self.cid, timeout)
  File "/home/crysys/miniconda3/envs/flower-fl-traffic/lib/python3.10/site-packages/flwr/simulation/ray_transport/ray_actor.py", line 425, in get_client_result
    return self._fetch_future_result(cid)
  File "/home/crysys/miniconda3/envs/flower-fl-traffic/lib/python3.10/site-packages/flwr/simulation/ray_transport/ray_actor.py", line 306, in _fetch_future_result
    res_cid, res, updated_context = ray.get(
  File "/home/crysys/miniconda3/envs/flower-fl-traffic/lib/python3.10/site-packages/ray/_private/auto_init_hook.py", line 24, in auto_init_wrapper
    return fn(*args, **kwargs)
  File "/home/crysys/miniconda3/envs/flower-fl-traffic/lib/python3.10/site-packages/ray/_private/client_mode_hook.py", line 103, in wrapper
    return func(*args, **kwargs)
  File "/home/crysys/miniconda3/envs/flower-fl-traffic/lib/python3.10/site-packages/ray/_private/worker.py", line 2513, in get
    raise ValueError(
ValueError: 'object_refs' must either be an ObjectRef or a list of ObjectRefs.

ERROR flwr 2026-09-10 13:01:03,627 | ray_client_proxy.py:162 | 'object_refs' must either be an ObjectRef or a list of ObjectRefs.
ERROR flwr 2026-09-10 13:01:03,629 | ray_client_proxy.py:161 | Traceback (most recent call last):
  File "/home/crysys/miniconda3/envs/flower-fl-traffic/lib/python3.10/site-packages/flwr/simulation/ray_transport/ray_client_proxy.py", line 151, in _submit_job
    res, updated_context = self.actor_pool.get_client_result(self.cid, timeout)
  File "/home/crysys/miniconda3/envs/flower-fl-traffic/lib/python3.10/site-packages/flwr/simulation/ray_transport/ray_actor.py", line 425, in get_client_result
    return self._fetch_future_result(cid)
  File "/home/crysys/miniconda3/envs/flower-fl-traffic/lib/python3.10/site-packages/flwr/simulation/ray_transport/ray_actor.py", line 306, in _fetch_future_result
    res_cid, res, updated_context = ray.get(
  File "/home/crysys/miniconda3/envs/flower-fl-traffic/lib/python3.10/site-packages/ray/_private/auto_init_hook.py", line 24, in auto_init_wrapper
    return fn(*args, **kwargs)
  File "/home/crysys/miniconda3/envs/flower-fl-traffic/lib/python3.10/site-packages/ray/_private/client_mode_hook.py", line 103, in wrapper
    return func(*args, **kwargs)
  File "/home/crysys/miniconda3/envs/flower-fl-traffic/lib/python3.10/site-packages/ray/_private/worker.py", line 2513, in get
    raise ValueError(
ValueError: 'object_refs' must either be an ObjectRef or a list of ObjectRefs.

ERROR flwr 2026-09-10 13:01:03,629 | ray_client_proxy.py:162 | 'object_refs' must either be an ObjectRef or a list of ObjectRefs.
ERROR flwr 2026-09-10 13:01:03,630 | ray_client_proxy.py:161 | Traceback (most recent call last):
  File "/home/crysys/miniconda3/envs/flower-fl-traffic/lib/python3.10/site-packages/flwr/simulation/ray_transport/ray_client_proxy.py", line 151, in _submit_job
    res, updated_context = self.actor_pool.get_client_result(self.cid, timeout)
  File "/home/crysys/miniconda3/envs/flower-fl-traffic/lib/python3.10/site-packages/flwr/simulation/ray_transport/ray_actor.py", line 425, in get_client_result
    return self._fetch_future_result(cid)
  File "/home/crysys/miniconda3/envs/flower-fl-traffic/lib/python3.10/site-packages/flwr/simulation/ray_transport/ray_actor.py", line 306, in _fetch_future_result
    res_cid, res, updated_context = ray.get(
  File "/home/crysys/miniconda3/envs/flower-fl-traffic/lib/python3.10/site-packages/ray/_private/auto_init_hook.py", line 24, in auto_init_wrapper
    return fn(*args, **kwargs)
  File "/home/crysys/miniconda3/envs/flower-fl-traffic/lib/python3.10/site-packages/ray/_private/client_mode_hook.py", line 103, in wrapper
    return func(*args, **kwargs)
  File "/home/crysys/miniconda3/envs/flower-fl-traffic/lib/python3.10/site-packages/ray/_private/worker.py", line 2513, in get
    raise ValueError(
ValueError: 'object_refs' must either be an ObjectRef or a list of ObjectRefs.

ERROR flwr 2026-09-10 13:01:03,630 | ray_client_proxy.py:162 | 'object_refs' must either be an ObjectRef or a list of ObjectRefs.
ERROR flwr 2026-09-10 13:01:03,632 | ray_client_proxy.py:161 | Traceback (most recent call last):
  File "/home/crysys/miniconda3/envs/flower-fl-traffic/lib/python3.10/site-packages/flwr/simulation/ray_transport/ray_client_proxy.py", line 151, in _submit_job
    res, updated_context = self.actor_pool.get_client_result(self.cid, timeout)
  File "/home/crysys/miniconda3/envs/flower-fl-traffic/lib/python3.10/site-packages/flwr/simulation/ray_transport/ray_actor.py", line 425, in get_client_result
    return self._fetch_future_result(cid)
  File "/home/crysys/miniconda3/envs/flower-fl-traffic/lib/python3.10/site-packages/flwr/simulation/ray_transport/ray_actor.py", line 306, in _fetch_future_result
    res_cid, res, updated_context = ray.get(
  File "/home/crysys/miniconda3/envs/flower-fl-traffic/lib/python3.10/site-packages/ray/_private/auto_init_hook.py", line 24, in auto_init_wrapper
    return fn(*args, **kwargs)
  File "/home/crysys/miniconda3/envs/flower-fl-traffic/lib/python3.10/site-packages/ray/_private/client_mode_hook.py", line 103, in wrapper
    return func(*args, **kwargs)
  File "/home/crysys/miniconda3/envs/flower-fl-traffic/lib/python3.10/site-packages/ray/_private/worker.py", line 2513, in get
    raise ValueError(
ValueError: 'object_refs' must either be an ObjectRef or a list of ObjectRefs.

ERROR flwr 2026-09-10 13:01:03,632 | ray_client_proxy.py:162 | 'object_refs' must either be an ObjectRef or a list of ObjectRefs.
ERROR flwr 2026-09-10 13:01:03,633 | ray_client_proxy.py:161 | Traceback (most recent call last):
  File "/home/crysys/miniconda3/envs/flower-fl-traffic/lib/python3.10/site-packages/flwr/simulation/ray_transport/ray_client_proxy.py", line 151, in _submit_job
    res, updated_context = self.actor_pool.get_client_result(self.cid, timeout)
  File "/home/crysys/miniconda3/envs/flower-fl-traffic/lib/python3.10/site-packages/flwr/simulation/ray_transport/ray_actor.py", line 425, in get_client_result
    return self._fetch_future_result(cid)
  File "/home/crysys/miniconda3/envs/flower-fl-traffic/lib/python3.10/site-packages/flwr/simulation/ray_transport/ray_actor.py", line 306, in _fetch_future_result
    res_cid, res, updated_context = ray.get(
  File "/home/crysys/miniconda3/envs/flower-fl-traffic/lib/python3.10/site-packages/ray/_private/auto_init_hook.py", line 24, in auto_init_wrapper
    return fn(*args, **kwargs)
  File "/home/crysys/miniconda3/envs/flower-fl-traffic/lib/python3.10/site-packages/ray/_private/client_mode_hook.py", line 103, in wrapper
    return func(*args, **kwargs)
  File "/home/crysys/miniconda3/envs/flower-fl-traffic/lib/python3.10/site-packages/ray/_private/worker.py", line 2513, in get
    raise ValueError(
ValueError: 'object_refs' must either be an ObjectRef or a list of ObjectRefs.

ERROR flwr 2026-09-10 13:01:03,633 | ray_client_proxy.py:162 | 'object_refs' must either be an ObjectRef or a list of ObjectRefs.
ERROR flwr 2026-09-10 13:01:03,634 | ray_client_proxy.py:161 | Traceback (most recent call last):
  File "/home/crysys/miniconda3/envs/flower-fl-traffic/lib/python3.10/site-packages/flwr/simulation/ray_transport/ray_client_proxy.py", line 151, in _submit_job
    res, updated_context = self.actor_pool.get_client_result(self.cid, timeout)
  File "/home/crysys/miniconda3/envs/flower-fl-traffic/lib/python3.10/site-packages/flwr/simulation/ray_transport/ray_actor.py", line 425, in get_client_result
    return self._fetch_future_result(cid)
  File "/home/crysys/miniconda3/envs/flower-fl-traffic/lib/python3.10/site-packages/flwr/simulation/ray_transport/ray_actor.py", line 306, in _fetch_future_result
    res_cid, res, updated_context = ray.get(
  File "/home/crysys/miniconda3/envs/flower-fl-traffic/lib/python3.10/site-packages/ray/_private/auto_init_hook.py", line 24, in auto_init_wrapper
    return fn(*args, **kwargs)
  File "/home/crysys/miniconda3/envs/flower-fl-traffic/lib/python3.10/site-packages/ray/_private/client_mode_hook.py", line 103, in wrapper
    return func(*args, **kwargs)
  File "/home/crysys/miniconda3/envs/flower-fl-traffic/lib/python3.10/site-packages/ray/_private/worker.py", line 2513, in get
    raise ValueError(
ValueError: 'object_refs' must either be an ObjectRef or a list of ObjectRefs.

ERROR flwr 2026-09-10 13:01:03,634 | ray_client_proxy.py:162 | 'object_refs' must either be an ObjectRef or a list of ObjectRefs.
ERROR flwr 2026-09-10 13:01:03,635 | ray_client_proxy.py:161 | Traceback (most recent call last):
  File "/home/crysys/miniconda3/envs/flower-fl-traffic/lib/python3.10/site-packages/flwr/simulation/ray_transport/ray_client_proxy.py", line 151, in _submit_job
    res, updated_context = self.actor_pool.get_client_result(self.cid, timeout)
  File "/home/crysys/miniconda3/envs/flower-fl-traffic/lib/python3.10/site-packages/flwr/simulation/ray_transport/ray_actor.py", line 425, in get_client_result
    return self._fetch_future_result(cid)
  File "/home/crysys/miniconda3/envs/flower-fl-traffic/lib/python3.10/site-packages/flwr/simulation/ray_transport/ray_actor.py", line 306, in _fetch_future_result
    res_cid, res, updated_context = ray.get(
  File "/home/crysys/miniconda3/envs/flower-fl-traffic/lib/python3.10/site-packages/ray/_private/auto_init_hook.py", line 24, in auto_init_wrapper
    return fn(*args, **kwargs)
  File "/home/crysys/miniconda3/envs/flower-fl-traffic/lib/python3.10/site-packages/ray/_private/client_mode_hook.py", line 103, in wrapper
    return func(*args, **kwargs)
  File "/home/crysys/miniconda3/envs/flower-fl-traffic/lib/python3.10/site-packages/ray/_private/worker.py", line 2513, in get
    raise ValueError(
ValueError: 'object_refs' must either be an ObjectRef or a list of ObjectRefs.

ERROR flwr 2026-09-10 13:01:03,635 | ray_client_proxy.py:162 | 'object_refs' must either be an ObjectRef or a list of ObjectRefs.
ERROR flwr 2026-09-10 13:01:03,637 | ray_client_proxy.py:161 | Traceback (most recent call last):
  File "/home/crysys/miniconda3/envs/flower-fl-traffic/lib/python3.10/site-packages/flwr/simulation/ray_transport/ray_client_proxy.py", line 151, in _submit_job
    res, updated_context = self.actor_pool.get_client_result(self.cid, timeout)
  File "/home/crysys/miniconda3/envs/flower-fl-traffic/lib/python3.10/site-packages/flwr/simulation/ray_transport/ray_actor.py", line 425, in get_client_result
    return self._fetch_future_result(cid)
  File "/home/crysys/miniconda3/envs/flower-fl-traffic/lib/python3.10/site-packages/flwr/simulation/ray_transport/ray_actor.py", line 306, in _fetch_future_result
    res_cid, res, updated_context = ray.get(
  File "/home/crysys/miniconda3/envs/flower-fl-traffic/lib/python3.10/site-packages/ray/_private/auto_init_hook.py", line 24, in auto_init_wrapper
    return fn(*args, **kwargs)
  File "/home/crysys/miniconda3/envs/flower-fl-traffic/lib/python3.10/site-packages/ray/_private/client_mode_hook.py", line 103, in wrapper
    return func(*args, **kwargs)
  File "/home/crysys/miniconda3/envs/flower-fl-traffic/lib/python3.10/site-packages/ray/_private/worker.py", line 2513, in get
    raise ValueError(
ValueError: 'object_refs' must either be an ObjectRef or a list of ObjectRefs.

ERROR flwr 2026-09-10 13:01:03,637 | ray_client_proxy.py:162 | 'object_refs' must either be an ObjectRef or a list of ObjectRefs.
ERROR flwr 2026-09-10 13:01:03,637 | ray_client_proxy.py:161 | Traceback (most recent call last):
  File "/home/crysys/miniconda3/envs/flower-fl-traffic/lib/python3.10/site-packages/flwr/simulation/ray_transport/ray_client_proxy.py", line 151, in _submit_job
    res, updated_context = self.actor_pool.get_client_result(self.cid, timeout)
  File "/home/crysys/miniconda3/envs/flower-fl-traffic/lib/python3.10/site-packages/flwr/simulation/ray_transport/ray_actor.py", line 425, in get_client_result
    return self._fetch_future_result(cid)
  File "/home/crysys/miniconda3/envs/flower-fl-traffic/lib/python3.10/site-packages/flwr/simulation/ray_transport/ray_actor.py", line 306, in _fetch_future_result
    res_cid, res, updated_context = ray.get(
  File "/home/crysys/miniconda3/envs/flower-fl-traffic/lib/python3.10/site-packages/ray/_private/auto_init_hook.py", line 24, in auto_init_wrapper
    return fn(*args, **kwargs)
  File "/home/crysys/miniconda3/envs/flower-fl-traffic/lib/python3.10/site-packages/ray/_private/client_mode_hook.py", line 103, in wrapper
    return func(*args, **kwargs)
  File "/home/crysys/miniconda3/envs/flower-fl-traffic/lib/python3.10/site-packages/ray/_private/worker.py", line 2513, in get
    raise ValueError(
ValueError: 'object_refs' must either be an ObjectRef or a list of ObjectRefs.

ERROR flwr 2026-09-10 13:01:03,638 | ray_client_proxy.py:162 | 'object_refs' must either be an ObjectRef or a list of ObjectRefs.
ERROR flwr 2026-09-10 13:01:03,639 | ray_client_proxy.py:161 | Traceback (most recent call last):
  File "/home/crysys/miniconda3/envs/flower-fl-traffic/lib/python3.10/site-packages/flwr/simulation/ray_transport/ray_client_proxy.py", line 151, in _submit_job
    res, updated_context = self.actor_pool.get_client_result(self.cid, timeout)
  File "/home/crysys/miniconda3/envs/flower-fl-traffic/lib/python3.10/site-packages/flwr/simulation/ray_transport/ray_actor.py", line 425, in get_client_result
    return self._fetch_future_result(cid)
  File "/home/crysys/miniconda3/envs/flower-fl-traffic/lib/python3.10/site-packages/flwr/simulation/ray_transport/ray_actor.py", line 306, in _fetch_future_result
    res_cid, res, updated_context = ray.get(
  File "/home/crysys/miniconda3/envs/flower-fl-traffic/lib/python3.10/site-packages/ray/_private/auto_init_hook.py", line 24, in auto_init_wrapper
    return fn(*args, **kwargs)
  File "/home/crysys/miniconda3/envs/flower-fl-traffic/lib/python3.10/site-packages/ray/_private/client_mode_hook.py", line 103, in wrapper
    return func(*args, **kwargs)
  File "/home/crysys/miniconda3/envs/flower-fl-traffic/lib/python3.10/site-packages/ray/_private/worker.py", line 2513, in get
    raise ValueError(
ValueError: 'object_refs' must either be an ObjectRef or a list of ObjectRefs.

ERROR flwr 2026-09-10 13:01:03,640 | ray_client_proxy.py:161 | Traceback (most recent call last):
  File "/home/crysys/miniconda3/envs/flower-fl-traffic/lib/python3.10/site-packages/flwr/simulation/ray_transport/ray_client_proxy.py", line 151, in _submit_job
    res, updated_context = self.actor_pool.get_client_result(self.cid, timeout)
  File "/home/crysys/miniconda3/envs/flower-fl-traffic/lib/python3.10/site-packages/flwr/simulation/ray_transport/ray_actor.py", line 425, in get_client_result
    return self._fetch_future_result(cid)
  File "/home/crysys/miniconda3/envs/flower-fl-traffic/lib/python3.10/site-packages/flwr/simulation/ray_transport/ray_actor.py", line 306, in _fetch_future_result
    res_cid, res, updated_context = ray.get(
  File "/home/crysys/miniconda3/envs/flower-fl-traffic/lib/python3.10/site-packages/ray/_private/auto_init_hook.py", line 24, in auto_init_wrapper
    return fn(*args, **kwargs)
  File "/home/crysys/miniconda3/envs/flower-fl-traffic/lib/python3.10/site-packages/ray/_private/client_mode_hook.py", line 103, in wrapper
    return func(*args, **kwargs)
  File "/home/crysys/miniconda3/envs/flower-fl-traffic/lib/python3.10/site-packages/ray/_private/worker.py", line 2513, in get
    raise ValueError(
ValueError: 'object_refs' must either be an ObjectRef or a list of ObjectRefs.

ERROR flwr 2026-09-10 13:01:03,640 | ray_client_proxy.py:162 | 'object_refs' must either be an ObjectRef or a list of ObjectRefs.
ERROR flwr 2026-09-10 13:01:03,640 | ray_client_proxy.py:162 | 'object_refs' must either be an ObjectRef or a list of ObjectRefs.
ERROR flwr 2026-09-10 13:01:03,642 | ray_client_proxy.py:161 | Traceback (most recent call last):
  File "/home/crysys/miniconda3/envs/flower-fl-traffic/lib/python3.10/site-packages/flwr/simulation/ray_transport/ray_client_proxy.py", line 151, in _submit_job
    res, updated_context = self.actor_pool.get_client_result(self.cid, timeout)
  File "/home/crysys/miniconda3/envs/flower-fl-traffic/lib/python3.10/site-packages/flwr/simulation/ray_transport/ray_actor.py", line 425, in get_client_result
    return self._fetch_future_result(cid)
  File "/home/crysys/miniconda3/envs/flower-fl-traffic/lib/python3.10/site-packages/flwr/simulation/ray_transport/ray_actor.py", line 306, in _fetch_future_result
    res_cid, res, updated_context = ray.get(
  File "/home/crysys/miniconda3/envs/flower-fl-traffic/lib/python3.10/site-packages/ray/_private/auto_init_hook.py", line 24, in auto_init_wrapper
    return fn(*args, **kwargs)
  File "/home/crysys/miniconda3/envs/flower-fl-traffic/lib/python3.10/site-packages/ray/_private/client_mode_hook.py", line 103, in wrapper
    return func(*args, **kwargs)
  File "/home/crysys/miniconda3/envs/flower-fl-traffic/lib/python3.10/site-packages/ray/_private/worker.py", line 2513, in get
    raise ValueError(
ValueError: 'object_refs' must either be an ObjectRef or a list of ObjectRefs.

ERROR flwr 2026-09-10 13:01:03,643 | ray_client_proxy.py:161 | Traceback (most recent call last):
  File "/home/crysys/miniconda3/envs/flower-fl-traffic/lib/python3.10/site-packages/flwr/simulation/ray_transport/ray_client_proxy.py", line 151, in _submit_job
    res, updated_context = self.actor_pool.get_client_result(self.cid, timeout)
  File "/home/crysys/miniconda3/envs/flower-fl-traffic/lib/python3.10/site-packages/flwr/simulation/ray_transport/ray_actor.py", line 425, in get_client_result
    return self._fetch_future_result(cid)
  File "/home/crysys/miniconda3/envs/flower-fl-traffic/lib/python3.10/site-packages/flwr/simulation/ray_transport/ray_actor.py", line 306, in _fetch_future_result
    res_cid, res, updated_context = ray.get(
  File "/home/crysys/miniconda3/envs/flower-fl-traffic/lib/python3.10/site-packages/ray/_private/auto_init_hook.py", line 24, in auto_init_wrapper
    return fn(*args, **kwargs)
  File "/home/crysys/miniconda3/envs/flower-fl-traffic/lib/python3.10/site-packages/ray/_private/client_mode_hook.py", line 103, in wrapper
    return func(*args, **kwargs)
  File "/home/crysys/miniconda3/envs/flower-fl-traffic/lib/python3.10/site-packages/ray/_private/worker.py", line 2513, in get
    raise ValueError(
ValueError: 'object_refs' must either be an ObjectRef or a list of ObjectRefs.

ERROR flwr 2026-09-10 13:01:03,643 | ray_client_proxy.py:162 | 'object_refs' must either be an ObjectRef or a list of ObjectRefs.
ERROR flwr 2026-09-10 13:01:03,643 | ray_client_proxy.py:162 | 'object_refs' must either be an ObjectRef or a list of ObjectRefs.
ERROR flwr 2026-09-10 13:01:03,645 | ray_client_proxy.py:161 | Traceback (most recent call last):
  File "/home/crysys/miniconda3/envs/flower-fl-traffic/lib/python3.10/site-packages/flwr/simulation/ray_transport/ray_client_proxy.py", line 151, in _submit_job
    res, updated_context = self.actor_pool.get_client_result(self.cid, timeout)
  File "/home/crysys/miniconda3/envs/flower-fl-traffic/lib/python3.10/site-packages/flwr/simulation/ray_transport/ray_actor.py", line 425, in get_client_result
    return self._fetch_future_result(cid)
  File "/home/crysys/miniconda3/envs/flower-fl-traffic/lib/python3.10/site-packages/flwr/simulation/ray_transport/ray_actor.py", line 306, in _fetch_future_result
    res_cid, res, updated_context = ray.get(
  File "/home/crysys/miniconda3/envs/flower-fl-traffic/lib/python3.10/site-packages/ray/_private/auto_init_hook.py", line 24, in auto_init_wrapper
    return fn(*args, **kwargs)
  File "/home/crysys/miniconda3/envs/flower-fl-traffic/lib/python3.10/site-packages/ray/_private/client_mode_hook.py", line 103, in wrapper
    return func(*args, **kwargs)
  File "/home/crysys/miniconda3/envs/flower-fl-traffic/lib/python3.10/site-packages/ray/_private/worker.py", line 2513, in get
    raise ValueError(
ValueError: 'object_refs' must either be an ObjectRef or a list of ObjectRefs.

ERROR flwr 2026-09-10 13:01:03,645 | ray_client_proxy.py:162 | 'object_refs' must either be an ObjectRef or a list of ObjectRefs.
ERROR flwr 2026-09-10 13:01:03,647 | ray_client_proxy.py:161 | Traceback (most recent call last):
  File "/home/crysys/miniconda3/envs/flower-fl-traffic/lib/python3.10/site-packages/flwr/simulation/ray_transport/ray_client_proxy.py", line 151, in _submit_job
    res, updated_context = self.actor_pool.get_client_result(self.cid, timeout)
  File "/home/crysys/miniconda3/envs/flower-fl-traffic/lib/python3.10/site-packages/flwr/simulation/ray_transport/ray_actor.py", line 425, in get_client_result
    return self._fetch_future_result(cid)
  File "/home/crysys/miniconda3/envs/flower-fl-traffic/lib/python3.10/site-packages/flwr/simulation/ray_transport/ray_actor.py", line 306, in _fetch_future_result
    res_cid, res, updated_context = ray.get(
  File "/home/crysys/miniconda3/envs/flower-fl-traffic/lib/python3.10/site-packages/ray/_private/auto_init_hook.py", line 24, in auto_init_wrapper
    return fn(*args, **kwargs)
  File "/home/crysys/miniconda3/envs/flower-fl-traffic/lib/python3.10/site-packages/ray/_private/client_mode_hook.py", line 103, in wrapper
    return func(*args, **kwargs)
  File "/home/crysys/miniconda3/envs/flower-fl-traffic/lib/python3.10/site-packages/ray/_private/worker.py", line 2513, in get
    raise ValueError(
ValueError: 'object_refs' must either be an ObjectRef or a list of ObjectRefs.

ERROR flwr 2026-09-10 13:01:03,647 | ray_client_proxy.py:162 | 'object_refs' must either be an ObjectRef or a list of ObjectRefs.
ERROR flwr 2026-09-10 13:01:03,649 | ray_client_proxy.py:161 | Traceback (most recent call last):
  File "/home/crysys/miniconda3/envs/flower-fl-traffic/lib/python3.10/site-packages/flwr/simulation/ray_transport/ray_client_proxy.py", line 151, in _submit_job
    res, updated_context = self.actor_pool.get_client_result(self.cid, timeout)
  File "/home/crysys/miniconda3/envs/flower-fl-traffic/lib/python3.10/site-packages/flwr/simulation/ray_transport/ray_actor.py", line 425, in get_client_result
    return self._fetch_future_result(cid)
  File "/home/crysys/miniconda3/envs/flower-fl-traffic/lib/python3.10/site-packages/flwr/simulation/ray_transport/ray_actor.py", line 306, in _fetch_future_result
    res_cid, res, updated_context = ray.get(
  File "/home/crysys/miniconda3/envs/flower-fl-traffic/lib/python3.10/site-packages/ray/_private/auto_init_hook.py", line 24, in auto_init_wrapper
    return fn(*args, **kwargs)
  File "/home/crysys/miniconda3/envs/flower-fl-traffic/lib/python3.10/site-packages/ray/_private/client_mode_hook.py", line 103, in wrapper
    return func(*args, **kwargs)
  File "/home/crysys/miniconda3/envs/flower-fl-traffic/lib/python3.10/site-packages/ray/_private/worker.py", line 2513, in get
    raise ValueError(
ValueError: 'object_refs' must either be an ObjectRef or a list of ObjectRefs.

ERROR flwr 2026-09-10 13:01:03,649 | ray_client_proxy.py:161 | Traceback (most recent call last):
  File "/home/crysys/miniconda3/envs/flower-fl-traffic/lib/python3.10/site-packages/flwr/simulation/ray_transport/ray_client_proxy.py", line 151, in _submit_job
    res, updated_context = self.actor_pool.get_client_result(self.cid, timeout)
  File "/home/crysys/miniconda3/envs/flower-fl-traffic/lib/python3.10/site-packages/flwr/simulation/ray_transport/ray_actor.py", line 425, in get_client_result
    return self._fetch_future_result(cid)
  File "/home/crysys/miniconda3/envs/flower-fl-traffic/lib/python3.10/site-packages/flwr/simulation/ray_transport/ray_actor.py", line 306, in _fetch_future_result
    res_cid, res, updated_context = ray.get(
  File "/home/crysys/miniconda3/envs/flower-fl-traffic/lib/python3.10/site-packages/ray/_private/auto_init_hook.py", line 24, in auto_init_wrapper
    return fn(*args, **kwargs)
  File "/home/crysys/miniconda3/envs/flower-fl-traffic/lib/python3.10/site-packages/ray/_private/client_mode_hook.py", line 103, in wrapper
    return func(*args, **kwargs)
  File "/home/crysys/miniconda3/envs/flower-fl-traffic/lib/python3.10/site-packages/ray/_private/worker.py", line 2513, in get
    raise ValueError(
ValueError: 'object_refs' must either be an ObjectRef or a list of ObjectRefs.

ERROR flwr 2026-09-10 13:01:03,650 | ray_client_proxy.py:162 | 'object_refs' must either be an ObjectRef or a list of ObjectRefs.
ERROR flwr 2026-09-10 13:01:03,650 | ray_client_proxy.py:162 | 'object_refs' must either be an ObjectRef or a list of ObjectRefs.
ERROR flwr 2026-09-10 13:01:03,652 | ray_client_proxy.py:161 | Traceback (most recent call last):
  File "/home/crysys/miniconda3/envs/flower-fl-traffic/lib/python3.10/site-packages/flwr/simulation/ray_transport/ray_client_proxy.py", line 151, in _submit_job
    res, updated_context = self.actor_pool.get_client_result(self.cid, timeout)
  File "/home/crysys/miniconda3/envs/flower-fl-traffic/lib/python3.10/site-packages/flwr/simulation/ray_transport/ray_actor.py", line 425, in get_client_result
    return self._fetch_future_result(cid)
  File "/home/crysys/miniconda3/envs/flower-fl-traffic/lib/python3.10/site-packages/flwr/simulation/ray_transport/ray_actor.py", line 306, in _fetch_future_result
    res_cid, res, updated_context = ray.get(
  File "/home/crysys/miniconda3/envs/flower-fl-traffic/lib/python3.10/site-packages/ray/_private/auto_init_hook.py", line 24, in auto_init_wrapper
    return fn(*args, **kwargs)
  File "/home/crysys/miniconda3/envs/flower-fl-traffic/lib/python3.10/site-packages/ray/_private/client_mode_hook.py", line 103, in wrapper
    return func(*args, **kwargs)
  File "/home/crysys/miniconda3/envs/flower-fl-traffic/lib/python3.10/site-packages/ray/_private/worker.py", line 2513, in get
    raise ValueError(
ValueError: 'object_refs' must either be an ObjectRef or a list of ObjectRefs.

ERROR flwr 2026-09-10 13:01:03,652 | ray_client_proxy.py:162 | 'object_refs' must either be an ObjectRef or a list of ObjectRefs.
ERROR flwr 2026-09-10 13:01:03,653 | ray_client_proxy.py:161 | Traceback (most recent call last):
  File "/home/crysys/miniconda3/envs/flower-fl-traffic/lib/python3.10/site-packages/flwr/simulation/ray_transport/ray_client_proxy.py", line 151, in _submit_job
    res, updated_context = self.actor_pool.get_client_result(self.cid, timeout)
  File "/home/crysys/miniconda3/envs/flower-fl-traffic/lib/python3.10/site-packages/flwr/simulation/ray_transport/ray_actor.py", line 425, in get_client_result
    return self._fetch_future_result(cid)
  File "/home/crysys/miniconda3/envs/flower-fl-traffic/lib/python3.10/site-packages/flwr/simulation/ray_transport/ray_actor.py", line 306, in _fetch_future_result
    res_cid, res, updated_context = ray.get(
  File "/home/crysys/miniconda3/envs/flower-fl-traffic/lib/python3.10/site-packages/ray/_private/auto_init_hook.py", line 24, in auto_init_wrapper
    return fn(*args, **kwargs)
  File "/home/crysys/miniconda3/envs/flower-fl-traffic/lib/python3.10/site-packages/ray/_private/client_mode_hook.py", line 103, in wrapper
    return func(*args, **kwargs)
  File "/home/crysys/miniconda3/envs/flower-fl-traffic/lib/python3.10/site-packages/ray/_private/worker.py", line 2513, in get
    raise ValueError(
ValueError: 'object_refs' must either be an ObjectRef or a list of ObjectRefs.

ERROR flwr 2026-09-10 13:01:03,653 | ray_client_proxy.py:162 | 'object_refs' must either be an ObjectRef or a list of ObjectRefs.
ERROR flwr 2026-09-10 13:01:03,654 | ray_client_proxy.py:161 | Traceback (most recent call last):
  File "/home/crysys/miniconda3/envs/flower-fl-traffic/lib/python3.10/site-packages/flwr/simulation/ray_transport/ray_client_proxy.py", line 151, in _submit_job
    res, updated_context = self.actor_pool.get_client_result(self.cid, timeout)
  File "/home/crysys/miniconda3/envs/flower-fl-traffic/lib/python3.10/site-packages/flwr/simulation/ray_transport/ray_actor.py", line 425, in get_client_result
    return self._fetch_future_result(cid)
  File "/home/crysys/miniconda3/envs/flower-fl-traffic/lib/python3.10/site-packages/flwr/simulation/ray_transport/ray_actor.py", line 306, in _fetch_future_result
    res_cid, res, updated_context = ray.get(
  File "/home/crysys/miniconda3/envs/flower-fl-traffic/lib/python3.10/site-packages/ray/_private/auto_init_hook.py", line 24, in auto_init_wrapper
    return fn(*args, **kwargs)
  File "/home/crysys/miniconda3/envs/flower-fl-traffic/lib/python3.10/site-packages/ray/_private/client_mode_hook.py", line 103, in wrapper
    return func(*args, **kwargs)
  File "/home/crysys/miniconda3/envs/flower-fl-traffic/lib/python3.10/site-packages/ray/_private/worker.py", line 2513, in get
    raise ValueError(
ValueError: 'object_refs' must either be an ObjectRef or a list of ObjectRefs.

ERROR flwr 2026-09-10 13:01:03,654 | ray_client_proxy.py:162 | 'object_refs' must either be an ObjectRef or a list of ObjectRefs.
ERROR flwr 2026-09-10 13:01:03,654 | ray_client_proxy.py:161 | Traceback (most recent call last):
  File "/home/crysys/miniconda3/envs/flower-fl-traffic/lib/python3.10/site-packages/flwr/simulation/ray_transport/ray_client_proxy.py", line 151, in _submit_job
    res, updated_context = self.actor_pool.get_client_result(self.cid, timeout)
  File "/home/crysys/miniconda3/envs/flower-fl-traffic/lib/python3.10/site-packages/flwr/simulation/ray_transport/ray_actor.py", line 425, in get_client_result
    return self._fetch_future_result(cid)
  File "/home/crysys/miniconda3/envs/flower-fl-traffic/lib/python3.10/site-packages/flwr/simulation/ray_transport/ray_actor.py", line 306, in _fetch_future_result
    res_cid, res, updated_context = ray.get(
  File "/home/crysys/miniconda3/envs/flower-fl-traffic/lib/python3.10/site-packages/ray/_private/auto_init_hook.py", line 24, in auto_init_wrapper
    return fn(*args, **kwargs)
  File "/home/crysys/miniconda3/envs/flower-fl-traffic/lib/python3.10/site-packages/ray/_private/client_mode_hook.py", line 103, in wrapper
    return func(*args, **kwargs)
  File "/home/crysys/miniconda3/envs/flower-fl-traffic/lib/python3.10/site-packages/ray/_private/worker.py", line 2513, in get
    raise ValueError(
ValueError: 'object_refs' must either be an ObjectRef or a list of ObjectRefs.

ERROR flwr 2026-09-10 13:01:03,654 | ray_client_proxy.py:162 | 'object_refs' must either be an ObjectRef or a list of ObjectRefs.
ERROR flwr 2026-09-10 13:01:03,656 | ray_client_proxy.py:161 | Traceback (most recent call last):
  File "/home/crysys/miniconda3/envs/flower-fl-traffic/lib/python3.10/site-packages/flwr/simulation/ray_transport/ray_client_proxy.py", line 151, in _submit_job
    res, updated_context = self.actor_pool.get_client_result(self.cid, timeout)
  File "/home/crysys/miniconda3/envs/flower-fl-traffic/lib/python3.10/site-packages/flwr/simulation/ray_transport/ray_actor.py", line 425, in get_client_result
    return self._fetch_future_result(cid)
  File "/home/crysys/miniconda3/envs/flower-fl-traffic/lib/python3.10/site-packages/flwr/simulation/ray_transport/ray_actor.py", line 306, in _fetch_future_result
    res_cid, res, updated_context = ray.get(
  File "/home/crysys/miniconda3/envs/flower-fl-traffic/lib/python3.10/site-packages/ray/_private/auto_init_hook.py", line 24, in auto_init_wrapper
    return fn(*args, **kwargs)
  File "/home/crysys/miniconda3/envs/flower-fl-traffic/lib/python3.10/site-packages/ray/_private/client_mode_hook.py", line 103, in wrapper
    return func(*args, **kwargs)
  File "/home/crysys/miniconda3/envs/flower-fl-traffic/lib/python3.10/site-packages/ray/_private/worker.py", line 2513, in get
    raise ValueError(
ValueError: 'object_refs' must either be an ObjectRef or a list of ObjectRefs.

ERROR flwr 2026-09-10 13:01:03,656 | ray_client_proxy.py:162 | 'object_refs' must either be an ObjectRef or a list of ObjectRefs.
ERROR flwr 2026-09-10 13:01:03,656 | ray_client_proxy.py:161 | Traceback (most recent call last):
  File "/home/crysys/miniconda3/envs/flower-fl-traffic/lib/python3.10/site-packages/flwr/simulation/ray_transport/ray_client_proxy.py", line 151, in _submit_job
    res, updated_context = self.actor_pool.get_client_result(self.cid, timeout)
  File "/home/crysys/miniconda3/envs/flower-fl-traffic/lib/python3.10/site-packages/flwr/simulation/ray_transport/ray_actor.py", line 425, in get_client_result
    return self._fetch_future_result(cid)
  File "/home/crysys/miniconda3/envs/flower-fl-traffic/lib/python3.10/site-packages/flwr/simulation/ray_transport/ray_actor.py", line 306, in _fetch_future_result
    res_cid, res, updated_context = ray.get(
  File "/home/crysys/miniconda3/envs/flower-fl-traffic/lib/python3.10/site-packages/ray/_private/auto_init_hook.py", line 24, in auto_init_wrapper
    return fn(*args, **kwargs)
  File "/home/crysys/miniconda3/envs/flower-fl-traffic/lib/python3.10/site-packages/ray/_private/client_mode_hook.py", line 103, in wrapper
    return func(*args, **kwargs)
  File "/home/crysys/miniconda3/envs/flower-fl-traffic/lib/python3.10/site-packages/ray/_private/worker.py", line 2513, in get
    raise ValueError(
ValueError: 'object_refs' must either be an ObjectRef or a list of ObjectRefs.

ERROR flwr 2026-09-10 13:01:03,657 | ray_client_proxy.py:162 | 'object_refs' must either be an ObjectRef or a list of ObjectRefs.
ERROR flwr 2026-09-10 13:01:03,659 | ray_client_proxy.py:161 | Traceback (most recent call last):
  File "/home/crysys/miniconda3/envs/flower-fl-traffic/lib/python3.10/site-packages/flwr/simulation/ray_transport/ray_client_proxy.py", line 151, in _submit_job
    res, updated_context = self.actor_pool.get_client_result(self.cid, timeout)
  File "/home/crysys/miniconda3/envs/flower-fl-traffic/lib/python3.10/site-packages/flwr/simulation/ray_transport/ray_actor.py", line 425, in get_client_result
    return self._fetch_future_result(cid)
  File "/home/crysys/miniconda3/envs/flower-fl-traffic/lib/python3.10/site-packages/flwr/simulation/ray_transport/ray_actor.py", line 306, in _fetch_future_result
    res_cid, res, updated_context = ray.get(
  File "/home/crysys/miniconda3/envs/flower-fl-traffic/lib/python3.10/site-packages/ray/_private/auto_init_hook.py", line 24, in auto_init_wrapper
    return fn(*args, **kwargs)
  File "/home/crysys/miniconda3/envs/flower-fl-traffic/lib/python3.10/site-packages/ray/_private/client_mode_hook.py", line 103, in wrapper
    return func(*args, **kwargs)
  File "/home/crysys/miniconda3/envs/flower-fl-traffic/lib/python3.10/site-packages/ray/_private/worker.py", line 2513, in get
    raise ValueError(
ValueError: 'object_refs' must either be an ObjectRef or a list of ObjectRefs.

ERROR flwr 2026-09-10 13:01:03,659 | ray_client_proxy.py:162 | 'object_refs' must either be an ObjectRef or a list of ObjectRefs.
ERROR flwr 2026-09-10 13:01:03,659 | ray_client_proxy.py:161 | Traceback (most recent call last):
  File "/home/crysys/miniconda3/envs/flower-fl-traffic/lib/python3.10/site-packages/flwr/simulation/ray_transport/ray_client_proxy.py", line 151, in _submit_job
    res, updated_context = self.actor_pool.get_client_result(self.cid, timeout)
  File "/home/crysys/miniconda3/envs/flower-fl-traffic/lib/python3.10/site-packages/flwr/simulation/ray_transport/ray_actor.py", line 425, in get_client_result
    return self._fetch_future_result(cid)
  File "/home/crysys/miniconda3/envs/flower-fl-traffic/lib/python3.10/site-packages/flwr/simulation/ray_transport/ray_actor.py", line 306, in _fetch_future_result
    res_cid, res, updated_context = ray.get(
  File "/home/crysys/miniconda3/envs/flower-fl-traffic/lib/python3.10/site-packages/ray/_private/auto_init_hook.py", line 24, in auto_init_wrapper
    return fn(*args, **kwargs)
  File "/home/crysys/miniconda3/envs/flower-fl-traffic/lib/python3.10/site-packages/ray/_private/client_mode_hook.py", line 103, in wrapper
    return func(*args, **kwargs)
  File "/home/crysys/miniconda3/envs/flower-fl-traffic/lib/python3.10/site-packages/ray/_private/worker.py", line 2513, in get
    raise ValueError(
ValueError: 'object_refs' must either be an ObjectRef or a list of ObjectRefs.

ERROR flwr 2026-09-10 13:01:03,659 | ray_client_proxy.py:162 | 'object_refs' must either be an ObjectRef or a list of ObjectRefs.
ERROR flwr 2026-09-10 13:01:03,662 | ray_client_proxy.py:161 | Traceback (most recent call last):
  File "/home/crysys/miniconda3/envs/flower-fl-traffic/lib/python3.10/site-packages/flwr/simulation/ray_transport/ray_client_proxy.py", line 151, in _submit_job
    res, updated_context = self.actor_pool.get_client_result(self.cid, timeout)
  File "/home/crysys/miniconda3/envs/flower-fl-traffic/lib/python3.10/site-packages/flwr/simulation/ray_transport/ray_actor.py", line 425, in get_client_result
    return self._fetch_future_result(cid)
  File "/home/crysys/miniconda3/envs/flower-fl-traffic/lib/python3.10/site-packages/flwr/simulation/ray_transport/ray_actor.py", line 306, in _fetch_future_result
    res_cid, res, updated_context = ray.get(
  File "/home/crysys/miniconda3/envs/flower-fl-traffic/lib/python3.10/site-packages/ray/_private/auto_init_hook.py", line 24, in auto_init_wrapper
    return fn(*args, **kwargs)
  File "/home/crysys/miniconda3/envs/flower-fl-traffic/lib/python3.10/site-packages/ray/_private/client_mode_hook.py", line 103, in wrapper
    return func(*args, **kwargs)
  File "/home/crysys/miniconda3/envs/flower-fl-traffic/lib/python3.10/site-packages/ray/_private/worker.py", line 2513, in get
    raise ValueError(
ValueError: 'object_refs' must either be an ObjectRef or a list of ObjectRefs.

ERROR flwr 2026-09-10 13:01:03,662 | ray_client_proxy.py:162 | 'object_refs' must either be an ObjectRef or a list of ObjectRefs.
ERROR flwr 2026-09-10 13:01:03,662 | ray_client_proxy.py:161 | Traceback (most recent call last):
  File "/home/crysys/miniconda3/envs/flower-fl-traffic/lib/python3.10/site-packages/flwr/simulation/ray_transport/ray_client_proxy.py", line 151, in _submit_job
    res, updated_context = self.actor_pool.get_client_result(self.cid, timeout)
  File "/home/crysys/miniconda3/envs/flower-fl-traffic/lib/python3.10/site-packages/flwr/simulation/ray_transport/ray_actor.py", line 425, in get_client_result
    return self._fetch_future_result(cid)
  File "/home/crysys/miniconda3/envs/flower-fl-traffic/lib/python3.10/site-packages/flwr/simulation/ray_transport/ray_actor.py", line 306, in _fetch_future_result
    res_cid, res, updated_context = ray.get(
  File "/home/crysys/miniconda3/envs/flower-fl-traffic/lib/python3.10/site-packages/ray/_private/auto_init_hook.py", line 24, in auto_init_wrapper
    return fn(*args, **kwargs)
  File "/home/crysys/miniconda3/envs/flower-fl-traffic/lib/python3.10/site-packages/ray/_private/client_mode_hook.py", line 103, in wrapper
    return func(*args, **kwargs)
  File "/home/crysys/miniconda3/envs/flower-fl-traffic/lib/python3.10/site-packages/ray/_private/worker.py", line 2513, in get
    raise ValueError(
ValueError: 'object_refs' must either be an ObjectRef or a list of ObjectRefs.

ERROR flwr 2026-09-10 13:01:03,663 | ray_client_proxy.py:162 | 'object_refs' must either be an ObjectRef or a list of ObjectRefs.
ERROR flwr 2026-09-10 13:01:03,666 | ray_client_proxy.py:161 | Traceback (most recent call last):
  File "/home/crysys/miniconda3/envs/flower-fl-traffic/lib/python3.10/site-packages/flwr/simulation/ray_transport/ray_client_proxy.py", line 151, in _submit_job
    res, updated_context = self.actor_pool.get_client_result(self.cid, timeout)
  File "/home/crysys/miniconda3/envs/flower-fl-traffic/lib/python3.10/site-packages/flwr/simulation/ray_transport/ray_actor.py", line 425, in get_client_result
    return self._fetch_future_result(cid)
  File "/home/crysys/miniconda3/envs/flower-fl-traffic/lib/python3.10/site-packages/flwr/simulation/ray_transport/ray_actor.py", line 306, in _fetch_future_result
    res_cid, res, updated_context = ray.get(
  File "/home/crysys/miniconda3/envs/flower-fl-traffic/lib/python3.10/site-packages/ray/_private/auto_init_hook.py", line 24, in auto_init_wrapper
    return fn(*args, **kwargs)
  File "/home/crysys/miniconda3/envs/flower-fl-traffic/lib/python3.10/site-packages/ray/_private/client_mode_hook.py", line 103, in wrapper
    return func(*args, **kwargs)
  File "/home/crysys/miniconda3/envs/flower-fl-traffic/lib/python3.10/site-packages/ray/_private/worker.py", line 2513, in get
    raise ValueError(
ValueError: 'object_refs' must either be an ObjectRef or a list of ObjectRefs.

ERROR flwr 2026-09-10 13:01:03,667 | ray_client_proxy.py:162 | 'object_refs' must either be an ObjectRef or a list of ObjectRefs.
ERROR flwr 2026-09-10 13:01:03,668 | ray_client_proxy.py:161 | Traceback (most recent call last):
  File "/home/crysys/miniconda3/envs/flower-fl-traffic/lib/python3.10/site-packages/flwr/simulation/ray_transport/ray_client_proxy.py", line 151, in _submit_job
    res, updated_context = self.actor_pool.get_client_result(self.cid, timeout)
  File "/home/crysys/miniconda3/envs/flower-fl-traffic/lib/python3.10/site-packages/flwr/simulation/ray_transport/ray_actor.py", line 425, in get_client_result
    return self._fetch_future_result(cid)
  File "/home/crysys/miniconda3/envs/flower-fl-traffic/lib/python3.10/site-packages/flwr/simulation/ray_transport/ray_actor.py", line 306, in _fetch_future_result
    res_cid, res, updated_context = ray.get(
  File "/home/crysys/miniconda3/envs/flower-fl-traffic/lib/python3.10/site-packages/ray/_private/auto_init_hook.py", line 24, in auto_init_wrapper
    return fn(*args, **kwargs)
  File "/home/crysys/miniconda3/envs/flower-fl-traffic/lib/python3.10/site-packages/ray/_private/client_mode_hook.py", line 103, in wrapper
    return func(*args, **kwargs)
  File "/home/crysys/miniconda3/envs/flower-fl-traffic/lib/python3.10/site-packages/ray/_private/worker.py", line 2513, in get
    raise ValueError(
ValueError: 'object_refs' must either be an ObjectRef or a list of ObjectRefs.

ERROR flwr 2026-09-10 13:01:03,668 | ray_client_proxy.py:162 | 'object_refs' must either be an ObjectRef or a list of ObjectRefs.
ERROR flwr 2026-09-10 13:01:03,671 | ray_client_proxy.py:161 | Traceback (most recent call last):
  File "/home/crysys/miniconda3/envs/flower-fl-traffic/lib/python3.10/site-packages/flwr/simulation/ray_transport/ray_client_proxy.py", line 151, in _submit_job
    res, updated_context = self.actor_pool.get_client_result(self.cid, timeout)
  File "/home/crysys/miniconda3/envs/flower-fl-traffic/lib/python3.10/site-packages/flwr/simulation/ray_transport/ray_actor.py", line 425, in get_client_result
    return self._fetch_future_result(cid)
  File "/home/crysys/miniconda3/envs/flower-fl-traffic/lib/python3.10/site-packages/flwr/simulation/ray_transport/ray_actor.py", line 306, in _fetch_future_result
    res_cid, res, updated_context = ray.get(
  File "/home/crysys/miniconda3/envs/flower-fl-traffic/lib/python3.10/site-packages/ray/_private/auto_init_hook.py", line 24, in auto_init_wrapper
    return fn(*args, **kwargs)
  File "/home/crysys/miniconda3/envs/flower-fl-traffic/lib/python3.10/site-packages/ray/_private/client_mode_hook.py", line 103, in wrapper
    return func(*args, **kwargs)
  File "/home/crysys/miniconda3/envs/flower-fl-traffic/lib/python3.10/site-packages/ray/_private/worker.py", line 2513, in get
    raise ValueError(
ValueError: 'object_refs' must either be an ObjectRef or a list of ObjectRefs.

ERROR flwr 2026-09-10 13:01:03,672 | ray_client_proxy.py:161 | Traceback (most recent call last):
  File "/home/crysys/miniconda3/envs/flower-fl-traffic/lib/python3.10/site-packages/flwr/simulation/ray_transport/ray_client_proxy.py", line 151, in _submit_job
    res, updated_context = self.actor_pool.get_client_result(self.cid, timeout)
  File "/home/crysys/miniconda3/envs/flower-fl-traffic/lib/python3.10/site-packages/flwr/simulation/ray_transport/ray_actor.py", line 425, in get_client_result
    return self._fetch_future_result(cid)
  File "/home/crysys/miniconda3/envs/flower-fl-traffic/lib/python3.10/site-packages/flwr/simulation/ray_transport/ray_actor.py", line 306, in _fetch_future_result
    res_cid, res, updated_context = ray.get(
  File "/home/crysys/miniconda3/envs/flower-fl-traffic/lib/python3.10/site-packages/ray/_private/auto_init_hook.py", line 24, in auto_init_wrapper
    return fn(*args, **kwargs)
  File "/home/crysys/miniconda3/envs/flower-fl-traffic/lib/python3.10/site-packages/ray/_private/client_mode_hook.py", line 103, in wrapper
    return func(*args, **kwargs)
  File "/home/crysys/miniconda3/envs/flower-fl-traffic/lib/python3.10/site-packages/ray/_private/worker.py", line 2513, in get
    raise ValueError(
ValueError: 'object_refs' must either be an ObjectRef or a list of ObjectRefs.

ERROR flwr 2026-09-10 13:01:03,672 | ray_client_proxy.py:162 | 'object_refs' must either be an ObjectRef or a list of ObjectRefs.
ERROR flwr 2026-09-10 13:01:03,672 | ray_client_proxy.py:162 | 'object_refs' must either be an ObjectRef or a list of ObjectRefs.
ERROR flwr 2026-09-10 13:01:03,675 | ray_client_proxy.py:161 | Traceback (most recent call last):
  File "/home/crysys/miniconda3/envs/flower-fl-traffic/lib/python3.10/site-packages/flwr/simulation/ray_transport/ray_client_proxy.py", line 151, in _submit_job
    res, updated_context = self.actor_pool.get_client_result(self.cid, timeout)
  File "/home/crysys/miniconda3/envs/flower-fl-traffic/lib/python3.10/site-packages/flwr/simulation/ray_transport/ray_actor.py", line 425, in get_client_result
    return self._fetch_future_result(cid)
  File "/home/crysys/miniconda3/envs/flower-fl-traffic/lib/python3.10/site-packages/flwr/simulation/ray_transport/ray_actor.py", line 306, in _fetch_future_result
    res_cid, res, updated_context = ray.get(
  File "/home/crysys/miniconda3/envs/flower-fl-traffic/lib/python3.10/site-packages/ray/_private/auto_init_hook.py", line 24, in auto_init_wrapper
    return fn(*args, **kwargs)
  File "/home/crysys/miniconda3/envs/flower-fl-traffic/lib/python3.10/site-packages/ray/_private/client_mode_hook.py", line 103, in wrapper
    return func(*args, **kwargs)
  File "/home/crysys/miniconda3/envs/flower-fl-traffic/lib/python3.10/site-packages/ray/_private/worker.py", line 2513, in get
    raise ValueError(
ValueError: 'object_refs' must either be an ObjectRef or a list of ObjectRefs.

ERROR flwr 2026-09-10 13:01:03,676 | ray_client_proxy.py:162 | 'object_refs' must either be an ObjectRef or a list of ObjectRefs.
ERROR flwr 2026-09-10 13:01:03,676 | ray_client_proxy.py:161 | Traceback (most recent call last):
  File "/home/crysys/miniconda3/envs/flower-fl-traffic/lib/python3.10/site-packages/flwr/simulation/ray_transport/ray_client_proxy.py", line 151, in _submit_job
    res, updated_context = self.actor_pool.get_client_result(self.cid, timeout)
  File "/home/crysys/miniconda3/envs/flower-fl-traffic/lib/python3.10/site-packages/flwr/simulation/ray_transport/ray_actor.py", line 425, in get_client_result
    return self._fetch_future_result(cid)
  File "/home/crysys/miniconda3/envs/flower-fl-traffic/lib/python3.10/site-packages/flwr/simulation/ray_transport/ray_actor.py", line 306, in _fetch_future_result
    res_cid, res, updated_context = ray.get(
  File "/home/crysys/miniconda3/envs/flower-fl-traffic/lib/python3.10/site-packages/ray/_private/auto_init_hook.py", line 24, in auto_init_wrapper
    return fn(*args, **kwargs)
  File "/home/crysys/miniconda3/envs/flower-fl-traffic/lib/python3.10/site-packages/ray/_private/client_mode_hook.py", line 103, in wrapper
    return func(*args, **kwargs)
  File "/home/crysys/miniconda3/envs/flower-fl-traffic/lib/python3.10/site-packages/ray/_private/worker.py", line 2513, in get
    raise ValueError(
ValueError: 'object_refs' must either be an ObjectRef or a list of ObjectRefs.

ERROR flwr 2026-09-10 13:01:03,676 | ray_client_proxy.py:162 | 'object_refs' must either be an ObjectRef or a list of ObjectRefs.
ERROR flwr 2026-09-10 13:01:03,678 | ray_client_proxy.py:161 | Traceback (most recent call last):
  File "/home/crysys/miniconda3/envs/flower-fl-traffic/lib/python3.10/site-packages/flwr/simulation/ray_transport/ray_client_proxy.py", line 151, in _submit_job
    res, updated_context = self.actor_pool.get_client_result(self.cid, timeout)
  File "/home/crysys/miniconda3/envs/flower-fl-traffic/lib/python3.10/site-packages/flwr/simulation/ray_transport/ray_actor.py", line 425, in get_client_result
    return self._fetch_future_result(cid)
  File "/home/crysys/miniconda3/envs/flower-fl-traffic/lib/python3.10/site-packages/flwr/simulation/ray_transport/ray_actor.py", line 306, in _fetch_future_result
    res_cid, res, updated_context = ray.get(
  File "/home/crysys/miniconda3/envs/flower-fl-traffic/lib/python3.10/site-packages/ray/_private/auto_init_hook.py", line 24, in auto_init_wrapper
    return fn(*args, **kwargs)
  File "/home/crysys/miniconda3/envs/flower-fl-traffic/lib/python3.10/site-packages/ray/_private/client_mode_hook.py", line 103, in wrapper
    return func(*args, **kwargs)
  File "/home/crysys/miniconda3/envs/flower-fl-traffic/lib/python3.10/site-packages/ray/_private/worker.py", line 2513, in get
    raise ValueError(
ValueError: 'object_refs' must either be an ObjectRef or a list of ObjectRefs.

ERROR flwr 2026-09-10 13:01:03,678 | ray_client_proxy.py:162 | 'object_refs' must either be an ObjectRef or a list of ObjectRefs.
ERROR flwr 2026-09-10 13:01:03,679 | ray_client_proxy.py:161 | Traceback (most recent call last):
  File "/home/crysys/miniconda3/envs/flower-fl-traffic/lib/python3.10/site-packages/flwr/simulation/ray_transport/ray_client_proxy.py", line 151, in _submit_job
    res, updated_context = self.actor_pool.get_client_result(self.cid, timeout)
  File "/home/crysys/miniconda3/envs/flower-fl-traffic/lib/python3.10/site-packages/flwr/simulation/ray_transport/ray_actor.py", line 425, in get_client_result
    return self._fetch_future_result(cid)
  File "/home/crysys/miniconda3/envs/flower-fl-traffic/lib/python3.10/site-packages/flwr/simulation/ray_transport/ray_actor.py", line 306, in _fetch_future_result
    res_cid, res, updated_context = ray.get(
  File "/home/crysys/miniconda3/envs/flower-fl-traffic/lib/python3.10/site-packages/ray/_private/auto_init_hook.py", line 24, in auto_init_wrapper
    return fn(*args, **kwargs)
  File "/home/crysys/miniconda3/envs/flower-fl-traffic/lib/python3.10/site-packages/ray/_private/client_mode_hook.py", line 103, in wrapper
    return func(*args, **kwargs)
  File "/home/crysys/miniconda3/envs/flower-fl-traffic/lib/python3.10/site-packages/ray/_private/worker.py", line 2513, in get
    raise ValueError(
ValueError: 'object_refs' must either be an ObjectRef or a list of ObjectRefs.

ERROR flwr 2026-09-10 13:01:03,679 | ray_client_proxy.py:162 | 'object_refs' must either be an ObjectRef or a list of ObjectRefs.
ERROR flwr 2026-09-10 13:01:03,681 | ray_client_proxy.py:161 | Traceback (most recent call last):
  File "/home/crysys/miniconda3/envs/flower-fl-traffic/lib/python3.10/site-packages/flwr/simulation/ray_transport/ray_client_proxy.py", line 151, in _submit_job
    res, updated_context = self.actor_pool.get_client_result(self.cid, timeout)
  File "/home/crysys/miniconda3/envs/flower-fl-traffic/lib/python3.10/site-packages/flwr/simulation/ray_transport/ray_actor.py", line 425, in get_client_result
    return self._fetch_future_result(cid)
  File "/home/crysys/miniconda3/envs/flower-fl-traffic/lib/python3.10/site-packages/flwr/simulation/ray_transport/ray_actor.py", line 306, in _fetch_future_result
    res_cid, res, updated_context = ray.get(
  File "/home/crysys/miniconda3/envs/flower-fl-traffic/lib/python3.10/site-packages/ray/_private/auto_init_hook.py", line 24, in auto_init_wrapper
    return fn(*args, **kwargs)
  File "/home/crysys/miniconda3/envs/flower-fl-traffic/lib/python3.10/site-packages/ray/_private/client_mode_hook.py", line 103, in wrapper
    return func(*args, **kwargs)
  File "/home/crysys/miniconda3/envs/flower-fl-traffic/lib/python3.10/site-packages/ray/_private/worker.py", line 2513, in get
    raise ValueError(
ValueError: 'object_refs' must either be an ObjectRef or a list of ObjectRefs.

ERROR flwr 2026-09-10 13:01:03,681 | ray_client_proxy.py:162 | 'object_refs' must either be an ObjectRef or a list of ObjectRefs.
ERROR flwr 2026-09-10 13:01:03,682 | ray_client_proxy.py:161 | Traceback (most recent call last):
  File "/home/crysys/miniconda3/envs/flower-fl-traffic/lib/python3.10/site-packages/flwr/simulation/ray_transport/ray_client_proxy.py", line 151, in _submit_job
    res, updated_context = self.actor_pool.get_client_result(self.cid, timeout)
  File "/home/crysys/miniconda3/envs/flower-fl-traffic/lib/python3.10/site-packages/flwr/simulation/ray_transport/ray_actor.py", line 425, in get_client_result
    return self._fetch_future_result(cid)
  File "/home/crysys/miniconda3/envs/flower-fl-traffic/lib/python3.10/site-packages/flwr/simulation/ray_transport/ray_actor.py", line 306, in _fetch_future_result
    res_cid, res, updated_context = ray.get(
  File "/home/crysys/miniconda3/envs/flower-fl-traffic/lib/python3.10/site-packages/ray/_private/auto_init_hook.py", line 24, in auto_init_wrapper
    return fn(*args, **kwargs)
  File "/home/crysys/miniconda3/envs/flower-fl-traffic/lib/python3.10/site-packages/ray/_private/client_mode_hook.py", line 103, in wrapper
    return func(*args, **kwargs)
  File "/home/crysys/miniconda3/envs/flower-fl-traffic/lib/python3.10/site-packages/ray/_private/worker.py", line 2513, in get
    raise ValueError(
ValueError: 'object_refs' must either be an ObjectRef or a list of ObjectRefs.

ERROR flwr 2026-09-10 13:01:03,682 | ray_client_proxy.py:162 | 'object_refs' must either be an ObjectRef or a list of ObjectRefs.
ERROR flwr 2026-09-10 13:01:03,683 | ray_client_proxy.py:161 | Traceback (most recent call last):
  File "/home/crysys/miniconda3/envs/flower-fl-traffic/lib/python3.10/site-packages/flwr/simulation/ray_transport/ray_client_proxy.py", line 151, in _submit_job
    res, updated_context = self.actor_pool.get_client_result(self.cid, timeout)
  File "/home/crysys/miniconda3/envs/flower-fl-traffic/lib/python3.10/site-packages/flwr/simulation/ray_transport/ray_actor.py", line 425, in get_client_result
    return self._fetch_future_result(cid)
  File "/home/crysys/miniconda3/envs/flower-fl-traffic/lib/python3.10/site-packages/flwr/simulation/ray_transport/ray_actor.py", line 306, in _fetch_future_result
    res_cid, res, updated_context = ray.get(
  File "/home/crysys/miniconda3/envs/flower-fl-traffic/lib/python3.10/site-packages/ray/_private/auto_init_hook.py", line 24, in auto_init_wrapper
    return fn(*args, **kwargs)
  File "/home/crysys/miniconda3/envs/flower-fl-traffic/lib/python3.10/site-packages/ray/_private/client_mode_hook.py", line 103, in wrapper
    return func(*args, **kwargs)
  File "/home/crysys/miniconda3/envs/flower-fl-traffic/lib/python3.10/site-packages/ray/_private/worker.py", line 2513, in get
    raise ValueError(
ValueError: 'object_refs' must either be an ObjectRef or a list of ObjectRefs.

ERROR flwr 2026-09-10 13:01:03,684 | ray_client_proxy.py:162 | 'object_refs' must either be an ObjectRef or a list of ObjectRefs.
ERROR flwr 2026-09-10 13:01:03,684 | ray_client_proxy.py:161 | Traceback (most recent call last):
  File "/home/crysys/miniconda3/envs/flower-fl-traffic/lib/python3.10/site-packages/flwr/simulation/ray_transport/ray_client_proxy.py", line 151, in _submit_job
    res, updated_context = self.actor_pool.get_client_result(self.cid, timeout)
  File "/home/crysys/miniconda3/envs/flower-fl-traffic/lib/python3.10/site-packages/flwr/simulation/ray_transport/ray_actor.py", line 425, in get_client_result
    return self._fetch_future_result(cid)
  File "/home/crysys/miniconda3/envs/flower-fl-traffic/lib/python3.10/site-packages/flwr/simulation/ray_transport/ray_actor.py", line 306, in _fetch_future_result
    res_cid, res, updated_context = ray.get(
  File "/home/crysys/miniconda3/envs/flower-fl-traffic/lib/python3.10/site-packages/ray/_private/auto_init_hook.py", line 24, in auto_init_wrapper
    return fn(*args, **kwargs)
  File "/home/crysys/miniconda3/envs/flower-fl-traffic/lib/python3.10/site-packages/ray/_private/client_mode_hook.py", line 103, in wrapper
    return func(*args, **kwargs)
  File "/home/crysys/miniconda3/envs/flower-fl-traffic/lib/python3.10/site-packages/ray/_private/worker.py", line 2513, in get
    raise ValueError(
ValueError: 'object_refs' must either be an ObjectRef or a list of ObjectRefs.

ERROR flwr 2026-09-10 13:01:03,684 | ray_client_proxy.py:162 | 'object_refs' must either be an ObjectRef or a list of ObjectRefs.
ERROR flwr 2026-09-10 13:01:03,686 | ray_client_proxy.py:161 | Traceback (most recent call last):
  File "/home/crysys/miniconda3/envs/flower-fl-traffic/lib/python3.10/site-packages/flwr/simulation/ray_transport/ray_client_proxy.py", line 151, in _submit_job
    res, updated_context = self.actor_pool.get_client_result(self.cid, timeout)
  File "/home/crysys/miniconda3/envs/flower-fl-traffic/lib/python3.10/site-packages/flwr/simulation/ray_transport/ray_actor.py", line 425, in get_client_result
    return self._fetch_future_result(cid)
  File "/home/crysys/miniconda3/envs/flower-fl-traffic/lib/python3.10/site-packages/flwr/simulation/ray_transport/ray_actor.py", line 306, in _fetch_future_result
    res_cid, res, updated_context = ray.get(
  File "/home/crysys/miniconda3/envs/flower-fl-traffic/lib/python3.10/site-packages/ray/_private/auto_init_hook.py", line 24, in auto_init_wrapper
    return fn(*args, **kwargs)
  File "/home/crysys/miniconda3/envs/flower-fl-traffic/lib/python3.10/site-packages/ray/_private/client_mode_hook.py", line 103, in wrapper
    return func(*args, **kwargs)
  File "/home/crysys/miniconda3/envs/flower-fl-traffic/lib/python3.10/site-packages/ray/_private/worker.py", line 2513, in get
    raise ValueError(
ValueError: 'object_refs' must either be an ObjectRef or a list of ObjectRefs.

ERROR flwr 2026-09-10 13:01:03,686 | ray_client_proxy.py:162 | 'object_refs' must either be an ObjectRef or a list of ObjectRefs.
ERROR flwr 2026-09-10 13:01:03,687 | ray_client_proxy.py:161 | Traceback (most recent call last):
  File "/home/crysys/miniconda3/envs/flower-fl-traffic/lib/python3.10/site-packages/flwr/simulation/ray_transport/ray_client_proxy.py", line 151, in _submit_job
    res, updated_context = self.actor_pool.get_client_result(self.cid, timeout)
  File "/home/crysys/miniconda3/envs/flower-fl-traffic/lib/python3.10/site-packages/flwr/simulation/ray_transport/ray_actor.py", line 425, in get_client_result
    return self._fetch_future_result(cid)
  File "/home/crysys/miniconda3/envs/flower-fl-traffic/lib/python3.10/site-packages/flwr/simulation/ray_transport/ray_actor.py", line 306, in _fetch_future_result
    res_cid, res, updated_context = ray.get(
  File "/home/crysys/miniconda3/envs/flower-fl-traffic/lib/python3.10/site-packages/ray/_private/auto_init_hook.py", line 24, in auto_init_wrapper
    return fn(*args, **kwargs)
  File "/home/crysys/miniconda3/envs/flower-fl-traffic/lib/python3.10/site-packages/ray/_private/client_mode_hook.py", line 103, in wrapper
    return func(*args, **kwargs)
  File "/home/crysys/miniconda3/envs/flower-fl-traffic/lib/python3.10/site-packages/ray/_private/worker.py", line 2513, in get
    raise ValueError(
ValueError: 'object_refs' must either be an ObjectRef or a list of ObjectRefs.

ERROR flwr 2026-09-10 13:01:03,687 | ray_client_proxy.py:162 | 'object_refs' must either be an ObjectRef or a list of ObjectRefs.
ERROR flwr 2026-09-10 13:01:03,688 | ray_client_proxy.py:161 | Traceback (most recent call last):
  File "/home/crysys/miniconda3/envs/flower-fl-traffic/lib/python3.10/site-packages/flwr/simulation/ray_transport/ray_client_proxy.py", line 151, in _submit_job
    res, updated_context = self.actor_pool.get_client_result(self.cid, timeout)
  File "/home/crysys/miniconda3/envs/flower-fl-traffic/lib/python3.10/site-packages/flwr/simulation/ray_transport/ray_actor.py", line 425, in get_client_result
    return self._fetch_future_result(cid)
  File "/home/crysys/miniconda3/envs/flower-fl-traffic/lib/python3.10/site-packages/flwr/simulation/ray_transport/ray_actor.py", line 306, in _fetch_future_result
    res_cid, res, updated_context = ray.get(
  File "/home/crysys/miniconda3/envs/flower-fl-traffic/lib/python3.10/site-packages/ray/_private/auto_init_hook.py", line 24, in auto_init_wrapper
    return fn(*args, **kwargs)
  File "/home/crysys/miniconda3/envs/flower-fl-traffic/lib/python3.10/site-packages/ray/_private/client_mode_hook.py", line 103, in wrapper
    return func(*args, **kwargs)
  File "/home/crysys/miniconda3/envs/flower-fl-traffic/lib/python3.10/site-packages/ray/_private/worker.py", line 2513, in get
    raise ValueError(
ValueError: 'object_refs' must either be an ObjectRef or a list of ObjectRefs.

ERROR flwr 2026-09-10 13:01:03,688 | ray_client_proxy.py:162 | 'object_refs' must either be an ObjectRef or a list of ObjectRefs.
ERROR flwr 2026-09-10 13:01:03,689 | ray_client_proxy.py:161 | Traceback (most recent call last):
  File "/home/crysys/miniconda3/envs/flower-fl-traffic/lib/python3.10/site-packages/flwr/simulation/ray_transport/ray_client_proxy.py", line 151, in _submit_job
    res, updated_context = self.actor_pool.get_client_result(self.cid, timeout)
  File "/home/crysys/miniconda3/envs/flower-fl-traffic/lib/python3.10/site-packages/flwr/simulation/ray_transport/ray_actor.py", line 425, in get_client_result
    return self._fetch_future_result(cid)
  File "/home/crysys/miniconda3/envs/flower-fl-traffic/lib/python3.10/site-packages/flwr/simulation/ray_transport/ray_actor.py", line 306, in _fetch_future_result
    res_cid, res, updated_context = ray.get(
  File "/home/crysys/miniconda3/envs/flower-fl-traffic/lib/python3.10/site-packages/ray/_private/auto_init_hook.py", line 24, in auto_init_wrapper
    return fn(*args, **kwargs)
  File "/home/crysys/miniconda3/envs/flower-fl-traffic/lib/python3.10/site-packages/ray/_private/client_mode_hook.py", line 103, in wrapper
    return func(*args, **kwargs)
  File "/home/crysys/miniconda3/envs/flower-fl-traffic/lib/python3.10/site-packages/ray/_private/worker.py", line 2513, in get
    raise ValueError(
ValueError: 'object_refs' must either be an ObjectRef or a list of ObjectRefs.

ERROR flwr 2026-09-10 13:01:03,689 | ray_client_proxy.py:162 | 'object_refs' must either be an ObjectRef or a list of ObjectRefs.
ERROR flwr 2026-09-10 13:01:03,691 | ray_client_proxy.py:161 | Traceback (most recent call last):
  File "/home/crysys/miniconda3/envs/flower-fl-traffic/lib/python3.10/site-packages/flwr/simulation/ray_transport/ray_client_proxy.py", line 151, in _submit_job
    res, updated_context = self.actor_pool.get_client_result(self.cid, timeout)
  File "/home/crysys/miniconda3/envs/flower-fl-traffic/lib/python3.10/site-packages/flwr/simulation/ray_transport/ray_actor.py", line 425, in get_client_result
    return self._fetch_future_result(cid)
  File "/home/crysys/miniconda3/envs/flower-fl-traffic/lib/python3.10/site-packages/flwr/simulation/ray_transport/ray_actor.py", line 306, in _fetch_future_result
    res_cid, res, updated_context = ray.get(
  File "/home/crysys/miniconda3/envs/flower-fl-traffic/lib/python3.10/site-packages/ray/_private/auto_init_hook.py", line 24, in auto_init_wrapper
    return fn(*args, **kwargs)
  File "/home/crysys/miniconda3/envs/flower-fl-traffic/lib/python3.10/site-packages/ray/_private/client_mode_hook.py", line 103, in wrapper
    return func(*args, **kwargs)
  File "/home/crysys/miniconda3/envs/flower-fl-traffic/lib/python3.10/site-packages/ray/_private/worker.py", line 2513, in get
    raise ValueError(
ValueError: 'object_refs' must either be an ObjectRef or a list of ObjectRefs.

ERROR flwr 2026-09-10 13:01:03,692 | ray_client_proxy.py:161 | Traceback (most recent call last):
  File "/home/crysys/miniconda3/envs/flower-fl-traffic/lib/python3.10/site-packages/flwr/simulation/ray_transport/ray_client_proxy.py", line 151, in _submit_job
    res, updated_context = self.actor_pool.get_client_result(self.cid, timeout)
  File "/home/crysys/miniconda3/envs/flower-fl-traffic/lib/python3.10/site-packages/flwr/simulation/ray_transport/ray_actor.py", line 425, in get_client_result
    return self._fetch_future_result(cid)
  File "/home/crysys/miniconda3/envs/flower-fl-traffic/lib/python3.10/site-packages/flwr/simulation/ray_transport/ray_actor.py", line 306, in _fetch_future_result
    res_cid, res, updated_context = ray.get(
  File "/home/crysys/miniconda3/envs/flower-fl-traffic/lib/python3.10/site-packages/ray/_private/auto_init_hook.py", line 24, in auto_init_wrapper
    return fn(*args, **kwargs)
  File "/home/crysys/miniconda3/envs/flower-fl-traffic/lib/python3.10/site-packages/ray/_private/client_mode_hook.py", line 103, in wrapper
    return func(*args, **kwargs)
  File "/home/crysys/miniconda3/envs/flower-fl-traffic/lib/python3.10/site-packages/ray/_private/worker.py", line 2513, in get
    raise ValueError(
ValueError: 'object_refs' must either be an ObjectRef or a list of ObjectRefs.

ERROR flwr 2026-09-10 13:01:03,692 | ray_client_proxy.py:162 | 'object_refs' must either be an ObjectRef or a list of ObjectRefs.
ERROR flwr 2026-09-10 13:01:03,692 | ray_client_proxy.py:162 | 'object_refs' must either be an ObjectRef or a list of ObjectRefs.
ERROR flwr 2026-09-10 13:01:03,694 | ray_client_proxy.py:161 | Traceback (most recent call last):
  File "/home/crysys/miniconda3/envs/flower-fl-traffic/lib/python3.10/site-packages/flwr/simulation/ray_transport/ray_client_proxy.py", line 151, in _submit_job
    res, updated_context = self.actor_pool.get_client_result(self.cid, timeout)
  File "/home/crysys/miniconda3/envs/flower-fl-traffic/lib/python3.10/site-packages/flwr/simulation/ray_transport/ray_actor.py", line 425, in get_client_result
    return self._fetch_future_result(cid)
  File "/home/crysys/miniconda3/envs/flower-fl-traffic/lib/python3.10/site-packages/flwr/simulation/ray_transport/ray_actor.py", line 306, in _fetch_future_result
    res_cid, res, updated_context = ray.get(
  File "/home/crysys/miniconda3/envs/flower-fl-traffic/lib/python3.10/site-packages/ray/_private/auto_init_hook.py", line 24, in auto_init_wrapper
    return fn(*args, **kwargs)
  File "/home/crysys/miniconda3/envs/flower-fl-traffic/lib/python3.10/site-packages/ray/_private/client_mode_hook.py", line 103, in wrapper
    return func(*args, **kwargs)
  File "/home/crysys/miniconda3/envs/flower-fl-traffic/lib/python3.10/site-packages/ray/_private/worker.py", line 2513, in get
    raise ValueError(
ValueError: 'object_refs' must either be an ObjectRef or a list of ObjectRefs.

ERROR flwr 2026-09-10 13:01:03,694 | ray_client_proxy.py:162 | 'object_refs' must either be an ObjectRef or a list of ObjectRefs.
ERROR flwr 2026-09-10 13:01:03,694 | ray_client_proxy.py:161 | Traceback (most recent call last):
  File "/home/crysys/miniconda3/envs/flower-fl-traffic/lib/python3.10/site-packages/flwr/simulation/ray_transport/ray_client_proxy.py", line 151, in _submit_job
    res, updated_context = self.actor_pool.get_client_result(self.cid, timeout)
  File "/home/crysys/miniconda3/envs/flower-fl-traffic/lib/python3.10/site-packages/flwr/simulation/ray_transport/ray_actor.py", line 425, in get_client_result
    return self._fetch_future_result(cid)
  File "/home/crysys/miniconda3/envs/flower-fl-traffic/lib/python3.10/site-packages/flwr/simulation/ray_transport/ray_actor.py", line 306, in _fetch_future_result
    res_cid, res, updated_context = ray.get(
  File "/home/crysys/miniconda3/envs/flower-fl-traffic/lib/python3.10/site-packages/ray/_private/auto_init_hook.py", line 24, in auto_init_wrapper
    return fn(*args, **kwargs)
  File "/home/crysys/miniconda3/envs/flower-fl-traffic/lib/python3.10/site-packages/ray/_private/client_mode_hook.py", line 103, in wrapper
    return func(*args, **kwargs)
  File "/home/crysys/miniconda3/envs/flower-fl-traffic/lib/python3.10/site-packages/ray/_private/worker.py", line 2513, in get
    raise ValueError(
ValueError: 'object_refs' must either be an ObjectRef or a list of ObjectRefs.

ERROR flwr 2026-09-10 13:01:03,694 | ray_client_proxy.py:162 | 'object_refs' must either be an ObjectRef or a list of ObjectRefs.
ERROR flwr 2026-09-10 13:01:03,696 | ray_client_proxy.py:161 | Traceback (most recent call last):
  File "/home/crysys/miniconda3/envs/flower-fl-traffic/lib/python3.10/site-packages/flwr/simulation/ray_transport/ray_client_proxy.py", line 151, in _submit_job
    res, updated_context = self.actor_pool.get_client_result(self.cid, timeout)
  File "/home/crysys/miniconda3/envs/flower-fl-traffic/lib/python3.10/site-packages/flwr/simulation/ray_transport/ray_actor.py", line 425, in get_client_result
    return self._fetch_future_result(cid)
  File "/home/crysys/miniconda3/envs/flower-fl-traffic/lib/python3.10/site-packages/flwr/simulation/ray_transport/ray_actor.py", line 306, in _fetch_future_result
    res_cid, res, updated_context = ray.get(
  File "/home/crysys/miniconda3/envs/flower-fl-traffic/lib/python3.10/site-packages/ray/_private/auto_init_hook.py", line 24, in auto_init_wrapper
    return fn(*args, **kwargs)
  File "/home/crysys/miniconda3/envs/flower-fl-traffic/lib/python3.10/site-packages/ray/_private/client_mode_hook.py", line 103, in wrapper
    return func(*args, **kwargs)
  File "/home/crysys/miniconda3/envs/flower-fl-traffic/lib/python3.10/site-packages/ray/_private/worker.py", line 2513, in get
    raise ValueError(
ValueError: 'object_refs' must either be an ObjectRef or a list of ObjectRefs.

ERROR flwr 2026-09-10 13:01:03,696 | ray_client_proxy.py:162 | 'object_refs' must either be an ObjectRef or a list of ObjectRefs.
ERROR flwr 2026-09-10 13:01:03,697 | ray_client_proxy.py:161 | Traceback (most recent call last):
  File "/home/crysys/miniconda3/envs/flower-fl-traffic/lib/python3.10/site-packages/flwr/simulation/ray_transport/ray_client_proxy.py", line 151, in _submit_job
    res, updated_context = self.actor_pool.get_client_result(self.cid, timeout)
  File "/home/crysys/miniconda3/envs/flower-fl-traffic/lib/python3.10/site-packages/flwr/simulation/ray_transport/ray_actor.py", line 425, in get_client_result
    return self._fetch_future_result(cid)
  File "/home/crysys/miniconda3/envs/flower-fl-traffic/lib/python3.10/site-packages/flwr/simulation/ray_transport/ray_actor.py", line 306, in _fetch_future_result
    res_cid, res, updated_context = ray.get(
  File "/home/crysys/miniconda3/envs/flower-fl-traffic/lib/python3.10/site-packages/ray/_private/auto_init_hook.py", line 24, in auto_init_wrapper
    return fn(*args, **kwargs)
  File "/home/crysys/miniconda3/envs/flower-fl-traffic/lib/python3.10/site-packages/ray/_private/client_mode_hook.py", line 103, in wrapper
    return func(*args, **kwargs)
  File "/home/crysys/miniconda3/envs/flower-fl-traffic/lib/python3.10/site-packages/ray/_private/worker.py", line 2513, in get
    raise ValueError(
ValueError: 'object_refs' must either be an ObjectRef or a list of ObjectRefs.

ERROR flwr 2026-09-10 13:01:03,697 | ray_client_proxy.py:162 | 'object_refs' must either be an ObjectRef or a list of ObjectRefs.
